-- MySQL dump 10.16  Distrib 10.2.12-MariaDB, for osx10.12 (x86_64)
--
-- Host: localhost    Database: pisec2
-- ------------------------------------------------------
-- Server version	10.2.12-MariaDB

/*!40101 SET @OLD_CHARACTER_SET_CLIENT=@@CHARACTER_SET_CLIENT */;
/*!40101 SET @OLD_CHARACTER_SET_RESULTS=@@CHARACTER_SET_RESULTS */;
/*!40101 SET @OLD_COLLATION_CONNECTION=@@COLLATION_CONNECTION */;
/*!40101 SET NAMES utf8 */;
/*!40103 SET @OLD_TIME_ZONE=@@TIME_ZONE */;
/*!40103 SET TIME_ZONE='+00:00' */;
/*!40014 SET @OLD_UNIQUE_CHECKS=@@UNIQUE_CHECKS, UNIQUE_CHECKS=0 */;
/*!40014 SET @OLD_FOREIGN_KEY_CHECKS=@@FOREIGN_KEY_CHECKS, FOREIGN_KEY_CHECKS=0 */;
/*!40101 SET @OLD_SQL_MODE=@@SQL_MODE, SQL_MODE='NO_AUTO_VALUE_ON_ZERO' */;
/*!40111 SET @OLD_SQL_NOTES=@@SQL_NOTES, SQL_NOTES=0 */;

--
-- Table structure for table `migrations`
--

DROP TABLE IF EXISTS `migrations`;
/*!40101 SET @saved_cs_client     = @@character_set_client */;
/*!40101 SET character_set_client = utf8 */;
CREATE TABLE `migrations` (
  `id` int(10) unsigned NOT NULL AUTO_INCREMENT,
  `migration` varchar(255) COLLATE utf8mb4_unicode_ci NOT NULL,
  `batch` int(11) NOT NULL,
  PRIMARY KEY (`id`)
) ENGINE=InnoDB AUTO_INCREMENT=15 DEFAULT CHARSET=utf8mb4 COLLATE=utf8mb4_unicode_ci;
/*!40101 SET character_set_client = @saved_cs_client */;

--
-- Dumping data for table `migrations`
--

LOCK TABLES `migrations` WRITE;
/*!40000 ALTER TABLE `migrations` DISABLE KEYS */;
INSERT INTO `migrations` VALUES (1,'2014_10_12_000000_create_users_table',1),(2,'2014_10_12_100000_create_password_resets_table',1),(3,'2016_01_01_193651_create_roles_permissions_tables',1),(4,'2018_01_27_122657_user_eav_model',2),(5,'2018_01_27_172007_update_attribute',3),(6,'2018_01_27_172851_attribute_select_value',4),(7,'2018_01_27_181405_attributes_remove',4),(8,'2018_01_27_202452_conversation',5),(9,'2018_02_01_175029_users_journal',6),(10,'2018_02_03_140512_update_attribute_value',7),(11,'2018_02_13_190103_user_images',8),(12,'2018_02_25_094712_users_blogs',9),(13,'2018_03_03_161625_update_user_image_gallery_comment',10),(14,'2018_03_04_105555_create_notifications_table',11);
/*!40000 ALTER TABLE `migrations` ENABLE KEYS */;
UNLOCK TABLES;

--
-- Table structure for table `notifications`
--

DROP TABLE IF EXISTS `notifications`;
/*!40101 SET @saved_cs_client     = @@character_set_client */;
/*!40101 SET character_set_client = utf8 */;
CREATE TABLE `notifications` (
  `id` char(36) COLLATE utf8mb4_unicode_ci NOT NULL,
  `type` varchar(255) COLLATE utf8mb4_unicode_ci NOT NULL,
  `notifiable_id` int(10) unsigned NOT NULL,
  `notifiable_type` varchar(255) COLLATE utf8mb4_unicode_ci NOT NULL,
  `data` text COLLATE utf8mb4_unicode_ci NOT NULL,
  `read_at` timestamp NULL DEFAULT NULL,
  `created_at` timestamp NULL DEFAULT NULL,
  `updated_at` timestamp NULL DEFAULT NULL,
  PRIMARY KEY (`id`),
  KEY `notifications_notifiable_id_notifiable_type_index` (`notifiable_id`,`notifiable_type`)
) ENGINE=InnoDB DEFAULT CHARSET=utf8mb4 COLLATE=utf8mb4_unicode_ci;
/*!40101 SET character_set_client = @saved_cs_client */;

--
-- Dumping data for table `notifications`
--

LOCK TABLES `notifications` WRITE;
/*!40000 ALTER TABLE `notifications` DISABLE KEYS */;
INSERT INTO `notifications` VALUES ('f6ddeb61-464a-4302-9131-2987572ae5c9','App\\Notifications\\UserInvoice',1,'App\\User','{\"invoice_id\":\"f6ddeb61-464a-4302-9131-2987572ae5c9\",\"type\":\"add_blog\",\"data\":{\"test\":\"testing\",\"message\":\"message\"}}',NULL,'2018-03-18 06:51:09','2018-03-18 06:51:09');
/*!40000 ALTER TABLE `notifications` ENABLE KEYS */;
UNLOCK TABLES;

--
-- Table structure for table `password_resets`
--

DROP TABLE IF EXISTS `password_resets`;
/*!40101 SET @saved_cs_client     = @@character_set_client */;
/*!40101 SET character_set_client = utf8 */;
CREATE TABLE `password_resets` (
  `email` varchar(255) COLLATE utf8mb4_unicode_ci NOT NULL,
  `token` varchar(255) COLLATE utf8mb4_unicode_ci NOT NULL,
  `created_at` timestamp NULL DEFAULT NULL,
  KEY `password_resets_email_index` (`email`)
) ENGINE=InnoDB DEFAULT CHARSET=utf8mb4 COLLATE=utf8mb4_unicode_ci;
/*!40101 SET character_set_client = @saved_cs_client */;

--
-- Dumping data for table `password_resets`
--

LOCK TABLES `password_resets` WRITE;
/*!40000 ALTER TABLE `password_resets` DISABLE KEYS */;
/*!40000 ALTER TABLE `password_resets` ENABLE KEYS */;
UNLOCK TABLES;

--
-- Table structure for table `permission_role`
--

DROP TABLE IF EXISTS `permission_role`;
/*!40101 SET @saved_cs_client     = @@character_set_client */;
/*!40101 SET character_set_client = utf8 */;
CREATE TABLE `permission_role` (
  `permission_id` int(10) unsigned NOT NULL,
  `role_id` int(10) unsigned NOT NULL,
  PRIMARY KEY (`permission_id`,`role_id`),
  KEY `permission_role_role_id_foreign` (`role_id`),
  CONSTRAINT `permission_role_permission_id_foreign` FOREIGN KEY (`permission_id`) REFERENCES `permissions` (`id`) ON DELETE CASCADE,
  CONSTRAINT `permission_role_role_id_foreign` FOREIGN KEY (`role_id`) REFERENCES `roles` (`id`) ON DELETE CASCADE
) ENGINE=InnoDB DEFAULT CHARSET=utf8mb4 COLLATE=utf8mb4_unicode_ci;
/*!40101 SET character_set_client = @saved_cs_client */;

--
-- Dumping data for table `permission_role`
--

LOCK TABLES `permission_role` WRITE;
/*!40000 ALTER TABLE `permission_role` DISABLE KEYS */;
INSERT INTO `permission_role` VALUES (1,1);
/*!40000 ALTER TABLE `permission_role` ENABLE KEYS */;
UNLOCK TABLES;

--
-- Table structure for table `permissions`
--

DROP TABLE IF EXISTS `permissions`;
/*!40101 SET @saved_cs_client     = @@character_set_client */;
/*!40101 SET character_set_client = utf8 */;
CREATE TABLE `permissions` (
  `id` int(10) unsigned NOT NULL AUTO_INCREMENT,
  `name` varchar(255) COLLATE utf8mb4_unicode_ci NOT NULL,
  `label` varchar(255) COLLATE utf8mb4_unicode_ci DEFAULT NULL,
  `created_at` timestamp NULL DEFAULT NULL,
  `updated_at` timestamp NULL DEFAULT NULL,
  PRIMARY KEY (`id`)
) ENGINE=InnoDB AUTO_INCREMENT=2 DEFAULT CHARSET=utf8mb4 COLLATE=utf8mb4_unicode_ci;
/*!40101 SET character_set_client = @saved_cs_client */;

--
-- Dumping data for table `permissions`
--

LOCK TABLES `permissions` WRITE;
/*!40000 ALTER TABLE `permissions` DISABLE KEYS */;
INSERT INTO `permissions` VALUES (1,'superadmin','superadmin','2018-01-27 09:18:23','2018-01-27 09:18:23');
/*!40000 ALTER TABLE `permissions` ENABLE KEYS */;
UNLOCK TABLES;

--
-- Table structure for table `role_user`
--

DROP TABLE IF EXISTS `role_user`;
/*!40101 SET @saved_cs_client     = @@character_set_client */;
/*!40101 SET character_set_client = utf8 */;
CREATE TABLE `role_user` (
  `role_id` int(10) unsigned NOT NULL,
  `user_id` int(10) unsigned NOT NULL,
  PRIMARY KEY (`role_id`,`user_id`),
  KEY `role_user_user_id_foreign` (`user_id`),
  CONSTRAINT `role_user_role_id_foreign` FOREIGN KEY (`role_id`) REFERENCES `roles` (`id`) ON DELETE CASCADE,
  CONSTRAINT `role_user_user_id_foreign` FOREIGN KEY (`user_id`) REFERENCES `users` (`id`) ON DELETE CASCADE
) ENGINE=InnoDB DEFAULT CHARSET=utf8mb4 COLLATE=utf8mb4_unicode_ci;
/*!40101 SET character_set_client = @saved_cs_client */;

--
-- Dumping data for table `role_user`
--

LOCK TABLES `role_user` WRITE;
/*!40000 ALTER TABLE `role_user` DISABLE KEYS */;
INSERT INTO `role_user` VALUES (1,1);
/*!40000 ALTER TABLE `role_user` ENABLE KEYS */;
UNLOCK TABLES;

--
-- Table structure for table `roles`
--

DROP TABLE IF EXISTS `roles`;
/*!40101 SET @saved_cs_client     = @@character_set_client */;
/*!40101 SET character_set_client = utf8 */;
CREATE TABLE `roles` (
  `id` int(10) unsigned NOT NULL AUTO_INCREMENT,
  `name` varchar(255) COLLATE utf8mb4_unicode_ci NOT NULL,
  `label` varchar(255) COLLATE utf8mb4_unicode_ci DEFAULT NULL,
  `created_at` timestamp NULL DEFAULT NULL,
  `updated_at` timestamp NULL DEFAULT NULL,
  PRIMARY KEY (`id`)
) ENGINE=InnoDB AUTO_INCREMENT=2 DEFAULT CHARSET=utf8mb4 COLLATE=utf8mb4_unicode_ci;
/*!40101 SET character_set_client = @saved_cs_client */;

--
-- Dumping data for table `roles`
--

LOCK TABLES `roles` WRITE;
/*!40000 ALTER TABLE `roles` DISABLE KEYS */;
INSERT INTO `roles` VALUES (1,'superadmin','admin','2018-01-27 09:18:50','2018-01-27 09:18:50');
/*!40000 ALTER TABLE `roles` ENABLE KEYS */;
UNLOCK TABLES;

--
-- Table structure for table `user_attribute_select_values`
--

DROP TABLE IF EXISTS `user_attribute_select_values`;
/*!40101 SET @saved_cs_client     = @@character_set_client */;
/*!40101 SET character_set_client = utf8 */;
CREATE TABLE `user_attribute_select_values` (
  `id` int(10) unsigned NOT NULL AUTO_INCREMENT,
  `attribute_key` varchar(255) COLLATE utf8mb4_unicode_ci NOT NULL,
  `key` varchar(255) COLLATE utf8mb4_unicode_ci NOT NULL,
  `value` varchar(255) COLLATE utf8mb4_unicode_ci NOT NULL,
  `created_at` timestamp NULL DEFAULT NULL,
  `updated_at` timestamp NULL DEFAULT NULL,
  `deleted_at` timestamp NULL DEFAULT NULL,
  PRIMARY KEY (`id`)
) ENGINE=InnoDB AUTO_INCREMENT=340 DEFAULT CHARSET=utf8mb4 COLLATE=utf8mb4_unicode_ci;
/*!40101 SET character_set_client = @saved_cs_client */;

--
-- Dumping data for table `user_attribute_select_values`
--

LOCK TABLES `user_attribute_select_values` WRITE;
/*!40000 ALTER TABLE `user_attribute_select_values` DISABLE KEYS */;
INSERT INTO `user_attribute_select_values` VALUES (5,'sex','male','Мужской','2018-02-03 12:08:16','2018-02-03 12:08:16',NULL),(6,'sex','famale','Женский','2018-02-03 12:08:16','2018-02-03 12:08:16',NULL),(18,'city','бакан','бакан','2018-04-24 17:20:13','2018-04-24 17:20:13',NULL),(19,'city','зов','зов','2018-04-24 17:20:13','2018-04-24 17:20:13',NULL),(20,'city','лександров','лександров','2018-04-24 17:20:13','2018-04-24 17:20:13',NULL),(21,'city','лексин','лексин','2018-04-24 17:20:13','2018-04-24 17:20:13',NULL),(22,'city','льметьевск','льметьевск','2018-04-24 17:20:13','2018-04-24 17:20:13',NULL),(23,'city','напа','напа','2018-04-24 17:20:13','2018-04-24 17:20:13',NULL),(24,'city','нгарск','нгарск','2018-04-24 17:20:13','2018-04-24 17:20:13',NULL),(25,'city','нжеро-Судженск','нжеро-Судженск','2018-04-24 17:20:13','2018-04-24 17:20:13',NULL),(26,'city','патиты','патиты','2018-04-24 17:20:13','2018-04-24 17:20:13',NULL),(27,'city','рзамас','рзамас','2018-04-24 17:20:13','2018-04-24 17:20:13',NULL),(28,'city','рмавир','рмавир','2018-04-24 17:20:13','2018-04-24 17:20:13',NULL),(29,'city','рсеньев','рсеньев','2018-04-24 17:20:13','2018-04-24 17:20:13',NULL),(30,'city','ртем','ртем','2018-04-24 17:20:13','2018-04-24 17:20:13',NULL),(31,'city','рхангельск','рхангельск','2018-04-24 17:20:13','2018-04-24 17:20:13',NULL),(32,'city','сбест','сбест','2018-04-24 17:20:13','2018-04-24 17:20:13',NULL),(33,'city','страхань','страхань','2018-04-24 17:20:13','2018-04-24 17:20:13',NULL),(34,'city','чинск','чинск','2018-04-24 17:20:13','2018-04-24 17:20:13',NULL),(35,'city','алаково','алаково','2018-04-24 17:20:13','2018-04-24 17:20:13',NULL),(36,'city','алахна','алахна','2018-04-24 17:20:13','2018-04-24 17:20:13',NULL),(37,'city','Балашиха','Балашиха','2018-04-24 17:20:13','2018-04-24 17:20:13',NULL),(38,'city','Балашов','Балашов','2018-04-24 17:20:13','2018-04-24 17:20:13',NULL),(39,'city','Барнаул','Барнаул','2018-04-24 17:20:13','2018-04-24 17:20:13',NULL),(40,'city','Батайск','Батайск','2018-04-24 17:20:13','2018-04-24 17:20:13',NULL),(41,'city','Белгород','Белгород','2018-04-24 17:20:13','2018-04-24 17:20:13',NULL),(42,'city','Белебей','Белебей','2018-04-24 17:20:13','2018-04-24 17:20:13',NULL),(43,'city','Белово','Белово','2018-04-24 17:20:13','2018-04-24 17:20:13',NULL),(44,'city','Белогорск (Амурская область)','Белогорск (Амурская область)','2018-04-24 17:20:13','2018-04-24 17:20:13',NULL),(45,'city','Белорецк','Белорецк','2018-04-24 17:20:13','2018-04-24 17:20:13',NULL),(46,'city','Белореченск','Белореченск','2018-04-24 17:20:13','2018-04-24 17:20:13',NULL),(47,'city','Бердск','Бердск','2018-04-24 17:20:13','2018-04-24 17:20:13',NULL),(48,'city','Березники','Березники','2018-04-24 17:20:13','2018-04-24 17:20:13',NULL),(49,'city','Березовский (Свердловская область)','Березовский (Свердловская область)','2018-04-24 17:20:13','2018-04-24 17:20:13',NULL),(50,'city','Бийск','Бийск','2018-04-24 17:20:13','2018-04-24 17:20:13',NULL),(51,'city','Биробиджан','Биробиджан','2018-04-24 17:20:13','2018-04-24 17:20:13',NULL),(52,'city','Благовещенск (Амурская область)','Благовещенск (Амурская область)','2018-04-24 17:20:13','2018-04-24 17:20:13',NULL),(53,'city','Бор','Бор','2018-04-24 17:20:13','2018-04-24 17:20:13',NULL),(54,'city','Борисоглебск','Борисоглебск','2018-04-24 17:20:13','2018-04-24 17:20:13',NULL),(55,'city','Боровичи','Боровичи','2018-04-24 17:20:13','2018-04-24 17:20:13',NULL),(56,'city','Братск','Братск','2018-04-24 17:20:13','2018-04-24 17:20:13',NULL),(57,'city','Брянск','Брянск','2018-04-24 17:20:13','2018-04-24 17:20:13',NULL),(58,'city','Бугульма','Бугульма','2018-04-24 17:20:13','2018-04-24 17:20:13',NULL),(59,'city','Буденновск','Буденновск','2018-04-24 17:20:13','2018-04-24 17:20:13',NULL),(60,'city','Бузулук','Бузулук','2018-04-24 17:20:13','2018-04-24 17:20:13',NULL),(61,'city','Буйнакск','Буйнакск','2018-04-24 17:20:13','2018-04-24 17:20:13',NULL),(62,'city','Великие Луки','Великие Луки','2018-04-24 17:20:13','2018-04-24 17:20:13',NULL),(63,'city','Великий Новгород','Великий Новгород','2018-04-24 17:20:13','2018-04-24 17:20:13',NULL),(64,'city','Верхняя Пышма','Верхняя Пышма','2018-04-24 17:20:13','2018-04-24 17:20:13',NULL),(65,'city','Видное','Видное','2018-04-24 17:20:13','2018-04-24 17:20:13',NULL),(66,'city','Владивосток','Владивосток','2018-04-24 17:20:13','2018-04-24 17:20:13',NULL),(67,'city','Владикавказ','Владикавказ','2018-04-24 17:20:13','2018-04-24 17:20:13',NULL),(68,'city','Владимир','Владимир','2018-04-24 17:20:13','2018-04-24 17:20:13',NULL),(69,'city','Волгоград','Волгоград','2018-04-24 17:20:13','2018-04-24 17:20:13',NULL),(70,'city','Волгодонск','Волгодонск','2018-04-24 17:20:13','2018-04-24 17:20:13',NULL),(71,'city','Волжск','Волжск','2018-04-24 17:20:13','2018-04-24 17:20:13',NULL),(72,'city','Волжский','Волжский','2018-04-24 17:20:13','2018-04-24 17:20:13',NULL),(73,'city','Вологда','Вологда','2018-04-24 17:20:13','2018-04-24 17:20:13',NULL),(74,'city','Вольск','Вольск','2018-04-24 17:20:13','2018-04-24 17:20:13',NULL),(75,'city','Воркута','Воркута','2018-04-24 17:20:13','2018-04-24 17:20:13',NULL),(76,'city','Воронеж','Воронеж','2018-04-24 17:20:13','2018-04-24 17:20:13',NULL),(77,'city','Воскресенск','Воскресенск','2018-04-24 17:20:13','2018-04-24 17:20:13',NULL),(78,'city','Воткинск','Воткинск','2018-04-24 17:20:13','2018-04-24 17:20:13',NULL),(79,'city','Всеволожск','Всеволожск','2018-04-24 17:20:13','2018-04-24 17:20:13',NULL),(80,'city','Выборг','Выборг','2018-04-24 17:20:13','2018-04-24 17:20:13',NULL),(81,'city','Выкса','Выкса','2018-04-24 17:20:13','2018-04-24 17:20:13',NULL),(82,'city','Вязьма','Вязьма','2018-04-24 17:20:13','2018-04-24 17:20:13',NULL),(83,'city','Гатчина','Гатчина','2018-04-24 17:20:13','2018-04-24 17:20:13',NULL),(84,'city','Геленджик','Геленджик','2018-04-24 17:20:13','2018-04-24 17:20:13',NULL),(85,'city','Георгиевск','Георгиевск','2018-04-24 17:20:13','2018-04-24 17:20:13',NULL),(86,'city','Глазов','Глазов','2018-04-24 17:20:13','2018-04-24 17:20:13',NULL),(87,'city','Горно-Алтайск','Горно-Алтайск','2018-04-24 17:20:13','2018-04-24 17:20:13',NULL),(88,'city','Грозный','Грозный','2018-04-24 17:20:13','2018-04-24 17:20:13',NULL),(89,'city','Губкин','Губкин','2018-04-24 17:20:13','2018-04-24 17:20:13',NULL),(90,'city','Гудермес','Гудермес','2018-04-24 17:20:13','2018-04-24 17:20:13',NULL),(91,'city','Гуково','Гуково','2018-04-24 17:20:13','2018-04-24 17:20:13',NULL),(92,'city','Гусь-Хрустальный','Гусь-Хрустальный','2018-04-24 17:20:13','2018-04-24 17:20:13',NULL),(93,'city','Дербент','Дербент','2018-04-24 17:20:13','2018-04-24 17:20:13',NULL),(94,'city','Дзержинск','Дзержинск','2018-04-24 17:20:13','2018-04-24 17:20:13',NULL),(95,'city','Димитровград','Димитровград','2018-04-24 17:20:13','2018-04-24 17:20:13',NULL),(96,'city','Дмитров','Дмитров','2018-04-24 17:20:13','2018-04-24 17:20:13',NULL),(97,'city','Долгопрудный','Долгопрудный','2018-04-24 17:20:13','2018-04-24 17:20:13',NULL),(98,'city','Домодедово','Домодедово','2018-04-24 17:20:13','2018-04-24 17:20:13',NULL),(99,'city','Донской','Донской','2018-04-24 17:20:13','2018-04-24 17:20:13',NULL),(100,'city','Дубна','Дубна','2018-04-24 17:20:13','2018-04-24 17:20:13',NULL),(101,'city','Евпатория','Евпатория','2018-04-24 17:20:13','2018-04-24 17:20:13',NULL),(102,'city','Егорьевск','Егорьевск','2018-04-24 17:20:13','2018-04-24 17:20:13',NULL),(103,'city','Ейск','Ейск','2018-04-24 17:20:13','2018-04-24 17:20:13',NULL),(104,'city','Екатеринбург','Екатеринбург','2018-04-24 17:20:13','2018-04-24 17:20:13',NULL),(105,'city','Елабуга','Елабуга','2018-04-24 17:20:13','2018-04-24 17:20:13',NULL),(106,'city','Елец','Елец','2018-04-24 17:20:13','2018-04-24 17:20:13',NULL),(107,'city','Ессентуки','Ессентуки','2018-04-24 17:20:13','2018-04-24 17:20:13',NULL),(108,'city','Железногорск (Красноярский край)','Железногорск (Красноярский край)','2018-04-24 17:20:13','2018-04-24 17:20:13',NULL),(109,'city','Железногорск (Курская область)','Железногорск (Курская область)','2018-04-24 17:20:13','2018-04-24 17:20:13',NULL),(110,'city','Жигулевск','Жигулевск','2018-04-24 17:20:13','2018-04-24 17:20:13',NULL),(111,'city','Жуковский','Жуковский','2018-04-24 17:20:13','2018-04-24 17:20:13',NULL),(112,'city','Заречный','Заречный','2018-04-24 17:20:13','2018-04-24 17:20:13',NULL),(113,'city','Зеленогорск','Зеленогорск','2018-04-24 17:20:13','2018-04-24 17:20:13',NULL),(114,'city','Зеленодольск','Зеленодольск','2018-04-24 17:20:13','2018-04-24 17:20:13',NULL),(115,'city','Златоуст','Златоуст','2018-04-24 17:20:13','2018-04-24 17:20:13',NULL),(116,'city','Иваново','Иваново','2018-04-24 17:20:13','2018-04-24 17:20:13',NULL),(117,'city','Ивантеевка','Ивантеевка','2018-04-24 17:20:13','2018-04-24 17:20:13',NULL),(118,'city','Ижевск','Ижевск','2018-04-24 17:20:13','2018-04-24 17:20:13',NULL),(119,'city','Избербаш','Избербаш','2018-04-24 17:20:13','2018-04-24 17:20:13',NULL),(120,'city','Иркутск','Иркутск','2018-04-24 17:20:13','2018-04-24 17:20:13',NULL),(121,'city','Искитим','Искитим','2018-04-24 17:20:13','2018-04-24 17:20:13',NULL),(122,'city','Ишим','Ишим','2018-04-24 17:20:13','2018-04-24 17:20:13',NULL),(123,'city','Ишимбай','Ишимбай','2018-04-24 17:20:13','2018-04-24 17:20:13',NULL),(124,'city','Йошкар-Ола','Йошкар-Ола','2018-04-24 17:20:13','2018-04-24 17:20:13',NULL),(125,'city','Казань','Казань','2018-04-24 17:20:13','2018-04-24 17:20:13',NULL),(126,'city','Калининград','Калининград','2018-04-24 17:20:13','2018-04-24 17:20:13',NULL),(127,'city','Калуга','Калуга','2018-04-24 17:20:13','2018-04-24 17:20:13',NULL),(128,'city','Каменск-Уральский','Каменск-Уральский','2018-04-24 17:20:13','2018-04-24 17:20:13',NULL),(129,'city','Каменск-Шахтинский','Каменск-Шахтинский','2018-04-24 17:20:13','2018-04-24 17:20:13',NULL),(130,'city','Камышин','Камышин','2018-04-24 17:20:13','2018-04-24 17:20:13',NULL),(131,'city','Канск','Канск','2018-04-24 17:20:13','2018-04-24 17:20:13',NULL),(132,'city','Каспийск','Каспийск','2018-04-24 17:20:13','2018-04-24 17:20:13',NULL),(133,'city','Кемерово','Кемерово','2018-04-24 17:20:13','2018-04-24 17:20:13',NULL),(134,'city','Керчь','Керчь','2018-04-24 17:20:13','2018-04-24 17:20:13',NULL),(135,'city','Кинешма','Кинешма','2018-04-24 17:20:13','2018-04-24 17:20:13',NULL),(136,'city','Кириши','Кириши','2018-04-24 17:20:13','2018-04-24 17:20:13',NULL),(137,'city','Киров (Кировская область)','Киров (Кировская область)','2018-04-24 17:20:13','2018-04-24 17:20:13',NULL),(138,'city','Кирово-Чепецк','Кирово-Чепецк','2018-04-24 17:20:13','2018-04-24 17:20:13',NULL),(139,'city','Киселевск','Киселевск','2018-04-24 17:20:13','2018-04-24 17:20:13',NULL),(140,'city','Кисловодск','Кисловодск','2018-04-24 17:20:13','2018-04-24 17:20:13',NULL),(141,'city','Клин','Клин','2018-04-24 17:20:13','2018-04-24 17:20:13',NULL),(142,'city','Клинцы','Клинцы','2018-04-24 17:20:13','2018-04-24 17:20:13',NULL),(143,'city','Ковров','Ковров','2018-04-24 17:20:13','2018-04-24 17:20:13',NULL),(144,'city','Когалым','Когалым','2018-04-24 17:20:13','2018-04-24 17:20:13',NULL),(145,'city','Коломна','Коломна','2018-04-24 17:20:13','2018-04-24 17:20:13',NULL),(146,'city','Комсомольск-на-Амуре','Комсомольск-на-Амуре','2018-04-24 17:20:13','2018-04-24 17:20:13',NULL),(147,'city','Копейск','Копейск','2018-04-24 17:20:13','2018-04-24 17:20:13',NULL),(148,'city','Королев','Королев','2018-04-24 17:20:13','2018-04-24 17:20:13',NULL),(149,'city','Кострома','Кострома','2018-04-24 17:20:13','2018-04-24 17:20:13',NULL),(150,'city','Котлас','Котлас','2018-04-24 17:20:13','2018-04-24 17:20:13',NULL),(151,'city','Красногорск','Красногорск','2018-04-24 17:20:13','2018-04-24 17:20:13',NULL),(152,'city','Краснодар','Краснодар','2018-04-24 17:20:13','2018-04-24 17:20:13',NULL),(153,'city','Краснокаменск','Краснокаменск','2018-04-24 17:20:13','2018-04-24 17:20:13',NULL),(154,'city','Краснокамск','Краснокамск','2018-04-24 17:20:13','2018-04-24 17:20:13',NULL),(155,'city','Краснотурьинск','Краснотурьинск','2018-04-24 17:20:13','2018-04-24 17:20:13',NULL),(156,'city','Красноярск','Красноярск','2018-04-24 17:20:13','2018-04-24 17:20:13',NULL),(157,'city','Кропоткин','Кропоткин','2018-04-24 17:20:13','2018-04-24 17:20:13',NULL),(158,'city','Крымск','Крымск','2018-04-24 17:20:13','2018-04-24 17:20:13',NULL),(159,'city','Кстово','Кстово','2018-04-24 17:20:13','2018-04-24 17:20:13',NULL),(160,'city','Кузнецк','Кузнецк','2018-04-24 17:20:13','2018-04-24 17:20:13',NULL),(161,'city','Кумертау','Кумертау','2018-04-24 17:20:13','2018-04-24 17:20:13',NULL),(162,'city','Кунгур','Кунгур','2018-04-24 17:20:13','2018-04-24 17:20:13',NULL),(163,'city','Курган','Курган','2018-04-24 17:20:13','2018-04-24 17:20:13',NULL),(164,'city','Курск','Курск','2018-04-24 17:20:13','2018-04-24 17:20:13',NULL),(165,'city','Кызыл','Кызыл','2018-04-24 17:20:13','2018-04-24 17:20:13',NULL),(166,'city','Лабинск','Лабинск','2018-04-24 17:20:13','2018-04-24 17:20:13',NULL),(167,'city','Лениногорск','Лениногорск','2018-04-24 17:20:13','2018-04-24 17:20:13',NULL),(168,'city','Ленинск-Кузнецкий','Ленинск-Кузнецкий','2018-04-24 17:20:13','2018-04-24 17:20:13',NULL),(169,'city','Лесосибирск','Лесосибирск','2018-04-24 17:20:13','2018-04-24 17:20:13',NULL),(170,'city','Липецк','Липецк','2018-04-24 17:20:13','2018-04-24 17:20:13',NULL),(171,'city','Лиски','Лиски','2018-04-24 17:20:13','2018-04-24 17:20:13',NULL),(172,'city','Лобня','Лобня','2018-04-24 17:20:13','2018-04-24 17:20:13',NULL),(173,'city','Лысьва','Лысьва','2018-04-24 17:20:13','2018-04-24 17:20:13',NULL),(174,'city','Лыткарино','Лыткарино','2018-04-24 17:20:13','2018-04-24 17:20:13',NULL),(175,'city','Люберцы','Люберцы','2018-04-24 17:20:13','2018-04-24 17:20:13',NULL),(176,'city','Магадан','Магадан','2018-04-24 17:20:13','2018-04-24 17:20:13',NULL),(177,'city','Магнитогорск','Магнитогорск','2018-04-24 17:20:13','2018-04-24 17:20:13',NULL),(178,'city','Майкоп','Майкоп','2018-04-24 17:20:13','2018-04-24 17:20:13',NULL),(179,'city','Махачкала','Махачкала','2018-04-24 17:20:13','2018-04-24 17:20:13',NULL),(180,'city','Междуреченск','Междуреченск','2018-04-24 17:20:13','2018-04-24 17:20:13',NULL),(181,'city','Мелеуз','Мелеуз','2018-04-24 17:20:13','2018-04-24 17:20:13',NULL),(182,'city','Миасс','Миасс','2018-04-24 17:20:13','2018-04-24 17:20:13',NULL),(183,'city','Минеральные Воды','Минеральные Воды','2018-04-24 17:20:13','2018-04-24 17:20:13',NULL),(184,'city','Минусинск','Минусинск','2018-04-24 17:20:13','2018-04-24 17:20:13',NULL),(185,'city','Михайловка','Михайловка','2018-04-24 17:20:13','2018-04-24 17:20:13',NULL),(186,'city','Михайловск (Ставропольский край)','Михайловск (Ставропольский край)','2018-04-24 17:20:13','2018-04-24 17:20:13',NULL),(187,'city','Мичуринск','Мичуринск','2018-04-24 17:20:13','2018-04-24 17:20:13',NULL),(188,'city','Москва','Москва','2018-04-24 17:20:13','2018-04-24 17:20:13',NULL),(189,'city','Мурманск','Мурманск','2018-04-24 17:20:13','2018-04-24 17:20:13',NULL),(190,'city','Муром','Муром','2018-04-24 17:20:13','2018-04-24 17:20:13',NULL),(191,'city','Мытищи','Мытищи','2018-04-24 17:20:13','2018-04-24 17:20:13',NULL),(192,'city','Набережные Челны','Набережные Челны','2018-04-24 17:20:13','2018-04-24 17:20:13',NULL),(193,'city','Назарово','Назарово','2018-04-24 17:20:13','2018-04-24 17:20:13',NULL),(194,'city','Назрань','Назрань','2018-04-24 17:20:13','2018-04-24 17:20:13',NULL),(195,'city','Нальчик','Нальчик','2018-04-24 17:20:13','2018-04-24 17:20:13',NULL),(196,'city','Наро-Фоминск','Наро-Фоминск','2018-04-24 17:20:13','2018-04-24 17:20:13',NULL),(197,'city','Находка','Находка','2018-04-24 17:20:13','2018-04-24 17:20:13',NULL),(198,'city','Невинномысск','Невинномысск','2018-04-24 17:20:13','2018-04-24 17:20:13',NULL),(199,'city','Нерюнгри','Нерюнгри','2018-04-24 17:20:13','2018-04-24 17:20:13',NULL),(200,'city','Нефтекамск','Нефтекамск','2018-04-24 17:20:13','2018-04-24 17:20:13',NULL),(201,'city','Нефтеюганск','Нефтеюганск','2018-04-24 17:20:13','2018-04-24 17:20:13',NULL),(202,'city','Нижневартовск','Нижневартовск','2018-04-24 17:20:13','2018-04-24 17:20:13',NULL),(203,'city','Нижнекамск','Нижнекамск','2018-04-24 17:20:13','2018-04-24 17:20:13',NULL),(204,'city','Нижний Новгород','Нижний Новгород','2018-04-24 17:20:13','2018-04-24 17:20:13',NULL),(205,'city','Нижний Тагил','Нижний Тагил','2018-04-24 17:20:13','2018-04-24 17:20:13',NULL),(206,'city','Новоалтайск','Новоалтайск','2018-04-24 17:20:13','2018-04-24 17:20:13',NULL),(207,'city','Новокузнецк','Новокузнецк','2018-04-24 17:20:13','2018-04-24 17:20:13',NULL),(208,'city','Новокуйбышевск','Новокуйбышевск','2018-04-24 17:20:13','2018-04-24 17:20:13',NULL),(209,'city','Новомосковск','Новомосковск','2018-04-24 17:20:13','2018-04-24 17:20:13',NULL),(210,'city','Новороссийск','Новороссийск','2018-04-24 17:20:13','2018-04-24 17:20:13',NULL),(211,'city','Новосибирск','Новосибирск','2018-04-24 17:20:13','2018-04-24 17:20:13',NULL),(212,'city','Новотроицк','Новотроицк','2018-04-24 17:20:13','2018-04-24 17:20:13',NULL),(213,'city','Новоуральск','Новоуральск','2018-04-24 17:20:13','2018-04-24 17:20:13',NULL),(214,'city','Новочебоксарск','Новочебоксарск','2018-04-24 17:20:13','2018-04-24 17:20:13',NULL),(215,'city','Новочеркасск','Новочеркасск','2018-04-24 17:20:13','2018-04-24 17:20:13',NULL),(216,'city','Новошахтинск','Новошахтинск','2018-04-24 17:20:13','2018-04-24 17:20:13',NULL),(217,'city','Новый Уренгой','Новый Уренгой','2018-04-24 17:20:13','2018-04-24 17:20:13',NULL),(218,'city','Ногинск','Ногинск','2018-04-24 17:20:13','2018-04-24 17:20:13',NULL),(219,'city','Норильск','Норильск','2018-04-24 17:20:13','2018-04-24 17:20:13',NULL),(220,'city','Ноябрьск','Ноябрьск','2018-04-24 17:20:13','2018-04-24 17:20:13',NULL),(221,'city','Нягань','Нягань','2018-04-24 17:20:13','2018-04-24 17:20:13',NULL),(222,'city','Обнинск','Обнинск','2018-04-24 17:20:13','2018-04-24 17:20:13',NULL),(223,'city','Одинцово','Одинцово','2018-04-24 17:20:13','2018-04-24 17:20:13',NULL),(224,'city','Озерск (Челябинская область)','Озерск (Челябинская область)','2018-04-24 17:20:13','2018-04-24 17:20:13',NULL),(225,'city','Октябрьский','Октябрьский','2018-04-24 17:20:13','2018-04-24 17:20:13',NULL),(226,'city','Омск','Омск','2018-04-24 17:20:13','2018-04-24 17:20:13',NULL),(227,'city','Орел','Орел','2018-04-24 17:20:13','2018-04-24 17:20:13',NULL),(228,'city','Оренбург','Оренбург','2018-04-24 17:20:13','2018-04-24 17:20:13',NULL),(229,'city','Орехово-Зуево','Орехово-Зуево','2018-04-24 17:20:13','2018-04-24 17:20:13',NULL),(230,'city','Орск','Орск','2018-04-24 17:20:13','2018-04-24 17:20:13',NULL),(231,'city','Павлово','Павлово','2018-04-24 17:20:13','2018-04-24 17:20:13',NULL),(232,'city','Павловский Посад','Павловский Посад','2018-04-24 17:20:13','2018-04-24 17:20:13',NULL),(233,'city','Пенза','Пенза','2018-04-24 17:20:13','2018-04-24 17:20:13',NULL),(234,'city','Первоуральск','Первоуральск','2018-04-24 17:20:13','2018-04-24 17:20:13',NULL),(235,'city','Пермь','Пермь','2018-04-24 17:20:13','2018-04-24 17:20:13',NULL),(236,'city','Петрозаводск','Петрозаводск','2018-04-24 17:20:13','2018-04-24 17:20:13',NULL),(237,'city','Петропавловск-Камчатский','Петропавловск-Камчатский','2018-04-24 17:20:13','2018-04-24 17:20:13',NULL),(238,'city','Подольск','Подольск','2018-04-24 17:20:13','2018-04-24 17:20:13',NULL),(239,'city','Полевской','Полевской','2018-04-24 17:20:13','2018-04-24 17:20:13',NULL),(240,'city','Прокопьевск','Прокопьевск','2018-04-24 17:20:13','2018-04-24 17:20:13',NULL),(241,'city','Прохладный','Прохладный','2018-04-24 17:20:13','2018-04-24 17:20:13',NULL),(242,'city','Псков','Псков','2018-04-24 17:20:13','2018-04-24 17:20:13',NULL),(243,'city','Пушкино','Пушкино','2018-04-24 17:20:13','2018-04-24 17:20:13',NULL),(244,'city','Пятигорск','Пятигорск','2018-04-24 17:20:13','2018-04-24 17:20:13',NULL),(245,'city','Раменское','Раменское','2018-04-24 17:20:13','2018-04-24 17:20:13',NULL),(246,'city','Ревда','Ревда','2018-04-24 17:20:13','2018-04-24 17:20:13',NULL),(247,'city','Реутов','Реутов','2018-04-24 17:20:13','2018-04-24 17:20:13',NULL),(248,'city','Ржев','Ржев','2018-04-24 17:20:13','2018-04-24 17:20:13',NULL),(249,'city','Рославль','Рославль','2018-04-24 17:20:13','2018-04-24 17:20:13',NULL),(250,'city','Россошь','Россошь','2018-04-24 17:20:13','2018-04-24 17:20:13',NULL),(251,'city','Ростов-на-Дону','Ростов-на-Дону','2018-04-24 17:20:13','2018-04-24 17:20:13',NULL),(252,'city','Рубцовск','Рубцовск','2018-04-24 17:20:13','2018-04-24 17:20:13',NULL),(253,'city','Рыбинск','Рыбинск','2018-04-24 17:20:13','2018-04-24 17:20:13',NULL),(254,'city','Рязань','Рязань','2018-04-24 17:20:13','2018-04-24 17:20:13',NULL),(255,'city','Салават','Салават','2018-04-24 17:20:13','2018-04-24 17:20:13',NULL),(256,'city','Сальск','Сальск','2018-04-24 17:20:13','2018-04-24 17:20:13',NULL),(257,'city','Самара','Самара','2018-04-24 17:20:13','2018-04-24 17:20:13',NULL),(258,'city','Санкт-Петербург','Санкт-Петербург','2018-04-24 17:20:13','2018-04-24 17:20:13',NULL),(259,'city','Саранск','Саранск','2018-04-24 17:20:13','2018-04-24 17:20:13',NULL),(260,'city','Сарапул','Сарапул','2018-04-24 17:20:13','2018-04-24 17:20:13',NULL),(261,'city','Саратов','Саратов','2018-04-24 17:20:13','2018-04-24 17:20:13',NULL),(262,'city','Саров','Саров','2018-04-24 17:20:13','2018-04-24 17:20:13',NULL),(263,'city','Свободный','Свободный','2018-04-24 17:20:13','2018-04-24 17:20:13',NULL),(264,'city','Севастополь','Севастополь','2018-04-24 17:20:13','2018-04-24 17:20:13',NULL),(265,'city','Северодвинск','Северодвинск','2018-04-24 17:20:13','2018-04-24 17:20:13',NULL),(266,'city','Северск','Северск','2018-04-24 17:20:13','2018-04-24 17:20:13',NULL),(267,'city','Сергиев Посад','Сергиев Посад','2018-04-24 17:20:13','2018-04-24 17:20:13',NULL),(268,'city','Серов','Серов','2018-04-24 17:20:13','2018-04-24 17:20:13',NULL),(269,'city','Серпухов','Серпухов','2018-04-24 17:20:13','2018-04-24 17:20:13',NULL),(270,'city','Сертолово','Сертолово','2018-04-24 17:20:13','2018-04-24 17:20:13',NULL),(271,'city','Сибай','Сибай','2018-04-24 17:20:13','2018-04-24 17:20:13',NULL),(272,'city','Симферополь','Симферополь','2018-04-24 17:20:13','2018-04-24 17:20:13',NULL),(273,'city','Славянск-на-Кубани','Славянск-на-Кубани','2018-04-24 17:20:13','2018-04-24 17:20:13',NULL),(274,'city','Смоленск','Смоленск','2018-04-24 17:20:13','2018-04-24 17:20:13',NULL),(275,'city','Соликамск','Соликамск','2018-04-24 17:20:13','2018-04-24 17:20:13',NULL),(276,'city','Солнечногорск','Солнечногорск','2018-04-24 17:20:13','2018-04-24 17:20:13',NULL),(277,'city','Сосновый Бор','Сосновый Бор','2018-04-24 17:20:13','2018-04-24 17:20:13',NULL),(278,'city','Сочи','Сочи','2018-04-24 17:20:13','2018-04-24 17:20:13',NULL),(279,'city','Ставрополь','Ставрополь','2018-04-24 17:20:13','2018-04-24 17:20:13',NULL),(280,'city','Старый Оскол','Старый Оскол','2018-04-24 17:20:13','2018-04-24 17:20:13',NULL),(281,'city','Стерлитамак','Стерлитамак','2018-04-24 17:20:13','2018-04-24 17:20:13',NULL),(282,'city','Ступино','Ступино','2018-04-24 17:20:13','2018-04-24 17:20:13',NULL),(283,'city','Сургут','Сургут','2018-04-24 17:20:13','2018-04-24 17:20:13',NULL),(284,'city','Сызрань','Сызрань','2018-04-24 17:20:13','2018-04-24 17:20:13',NULL),(285,'city','Сыктывкар','Сыктывкар','2018-04-24 17:20:13','2018-04-24 17:20:13',NULL),(286,'city','Таганрог','Таганрог','2018-04-24 17:20:13','2018-04-24 17:20:13',NULL),(287,'city','Тамбов','Тамбов','2018-04-24 17:20:13','2018-04-24 17:20:13',NULL),(288,'city','Тверь','Тверь','2018-04-24 17:20:13','2018-04-24 17:20:13',NULL),(289,'city','Тимашевск','Тимашевск','2018-04-24 17:20:13','2018-04-24 17:20:13',NULL),(290,'city','Тихвин','Тихвин','2018-04-24 17:20:13','2018-04-24 17:20:13',NULL),(291,'city','Тихорецк','Тихорецк','2018-04-24 17:20:13','2018-04-24 17:20:13',NULL),(292,'city','Тобольск','Тобольск','2018-04-24 17:20:13','2018-04-24 17:20:13',NULL),(293,'city','Тольятти','Тольятти','2018-04-24 17:20:13','2018-04-24 17:20:13',NULL),(294,'city','Томск','Томск','2018-04-24 17:20:14','2018-04-24 17:20:14',NULL),(295,'city','Троицк','Троицк','2018-04-24 17:20:14','2018-04-24 17:20:14',NULL),(296,'city','Туапсе','Туапсе','2018-04-24 17:20:14','2018-04-24 17:20:14',NULL),(297,'city','Туймазы','Туймазы','2018-04-24 17:20:14','2018-04-24 17:20:14',NULL),(298,'city','Тула','Тула','2018-04-24 17:20:14','2018-04-24 17:20:14',NULL),(299,'city','Тюмень','Тюмень','2018-04-24 17:20:14','2018-04-24 17:20:14',NULL),(300,'city','Узловая','Узловая','2018-04-24 17:20:14','2018-04-24 17:20:14',NULL),(301,'city','Улан-Удэ','Улан-Удэ','2018-04-24 17:20:14','2018-04-24 17:20:14',NULL),(302,'city','Ульяновск','Ульяновск','2018-04-24 17:20:14','2018-04-24 17:20:14',NULL),(303,'city','Урус-Мартан','Урус-Мартан','2018-04-24 17:20:14','2018-04-24 17:20:14',NULL),(304,'city','Усолье-Сибирское','Усолье-Сибирское','2018-04-24 17:20:14','2018-04-24 17:20:14',NULL),(305,'city','Уссурийск','Уссурийск','2018-04-24 17:20:14','2018-04-24 17:20:14',NULL),(306,'city','Усть-Илимск','Усть-Илимск','2018-04-24 17:20:14','2018-04-24 17:20:14',NULL),(307,'city','Уфа','Уфа','2018-04-24 17:20:14','2018-04-24 17:20:14',NULL),(308,'city','Ухта','Ухта','2018-04-24 17:20:14','2018-04-24 17:20:14',NULL),(309,'city','Феодосия','Феодосия','2018-04-24 17:20:14','2018-04-24 17:20:14',NULL),(310,'city','Фрязино','Фрязино','2018-04-24 17:20:14','2018-04-24 17:20:14',NULL),(311,'city','Хабаровск','Хабаровск','2018-04-24 17:20:14','2018-04-24 17:20:14',NULL),(312,'city','Ханты-Мансийск','Ханты-Мансийск','2018-04-24 17:20:14','2018-04-24 17:20:14',NULL),(313,'city','Хасавюрт','Хасавюрт','2018-04-24 17:20:14','2018-04-24 17:20:14',NULL),(314,'city','Химки','Химки','2018-04-24 17:20:14','2018-04-24 17:20:14',NULL),(315,'city','Чайковский','Чайковский','2018-04-24 17:20:14','2018-04-24 17:20:14',NULL),(316,'city','Чапаевск','Чапаевск','2018-04-24 17:20:14','2018-04-24 17:20:14',NULL),(317,'city','Чебоксары','Чебоксары','2018-04-24 17:20:14','2018-04-24 17:20:14',NULL),(318,'city','Челябинск','Челябинск','2018-04-24 17:20:14','2018-04-24 17:20:14',NULL),(319,'city','Черемхово','Черемхово','2018-04-24 17:20:14','2018-04-24 17:20:14',NULL),(320,'city','Череповец','Череповец','2018-04-24 17:20:14','2018-04-24 17:20:14',NULL),(321,'city','Черкесск','Черкесск','2018-04-24 17:20:14','2018-04-24 17:20:14',NULL),(322,'city','Черногорск','Черногорск','2018-04-24 17:20:14','2018-04-24 17:20:14',NULL),(323,'city','Чехов','Чехов','2018-04-24 17:20:14','2018-04-24 17:20:14',NULL),(324,'city','Чистополь','Чистополь','2018-04-24 17:20:14','2018-04-24 17:20:14',NULL),(325,'city','Чита','Чита','2018-04-24 17:20:14','2018-04-24 17:20:14',NULL),(326,'city','Шадринск','Шадринск','2018-04-24 17:20:14','2018-04-24 17:20:14',NULL),(327,'city','Шали','Шали','2018-04-24 17:20:14','2018-04-24 17:20:14',NULL),(328,'city','Шахты','Шахты','2018-04-24 17:20:14','2018-04-24 17:20:14',NULL),(329,'city','Шуя','Шуя','2018-04-24 17:20:14','2018-04-24 17:20:14',NULL),(330,'city','Щекино','Щекино','2018-04-24 17:20:14','2018-04-24 17:20:14',NULL),(331,'city','Щелково','Щелково','2018-04-24 17:20:14','2018-04-24 17:20:14',NULL),(332,'city','Электросталь','Электросталь','2018-04-24 17:20:14','2018-04-24 17:20:14',NULL),(333,'city','Элиста','Элиста','2018-04-24 17:20:14','2018-04-24 17:20:14',NULL),(334,'city','Энгельс','Энгельс','2018-04-24 17:20:14','2018-04-24 17:20:14',NULL),(335,'city','Южно-Сахалинск','Южно-Сахалинск','2018-04-24 17:20:14','2018-04-24 17:20:14',NULL),(336,'city','Юрга','Юрга','2018-04-24 17:20:14','2018-04-24 17:20:14',NULL),(337,'city','Якутск','Якутск','2018-04-24 17:20:14','2018-04-24 17:20:14',NULL),(338,'city','Ялта','Ялта','2018-04-24 17:20:14','2018-04-24 17:20:14',NULL),(339,'city','Ярославль','Ярославль','2018-04-24 17:20:14','2018-04-24 17:20:14',NULL);
/*!40000 ALTER TABLE `user_attribute_select_values` ENABLE KEYS */;
UNLOCK TABLES;

--
-- Table structure for table `user_attribute_value`
--

DROP TABLE IF EXISTS `user_attribute_value`;
/*!40101 SET @saved_cs_client     = @@character_set_client */;
/*!40101 SET character_set_client = utf8 */;
CREATE TABLE `user_attribute_value` (
  `id` int(10) unsigned NOT NULL AUTO_INCREMENT,
  `user_id` int(11) NOT NULL,
  `attribute_id` int(11) NOT NULL,
  `value` varchar(255) COLLATE utf8mb4_unicode_ci NOT NULL,
  `created_at` timestamp NULL DEFAULT NULL,
  `updated_at` timestamp NULL DEFAULT NULL,
  `deleted_at` timestamp NULL DEFAULT NULL,
  PRIMARY KEY (`id`)
) ENGINE=InnoDB AUTO_INCREMENT=881 DEFAULT CHARSET=utf8mb4 COLLATE=utf8mb4_unicode_ci;
/*!40101 SET character_set_client = @saved_cs_client */;

--
-- Dumping data for table `user_attribute_value`
--

LOCK TABLES `user_attribute_value` WRITE;
/*!40000 ALTER TABLE `user_attribute_value` DISABLE KEYS */;
INSERT INTO `user_attribute_value` VALUES (1,5,1,'11-04-1989','2018-02-03 11:08:02','2018-02-03 11:08:02',NULL),(2,5,2,'testitnghuseting','2018-02-03 11:08:02','2018-02-03 11:08:02',NULL),(3,5,3,'m','2018-02-03 11:08:02','2018-02-03 11:08:02',NULL),(4,5,1,'11-04-1989','2018-02-03 12:00:39','2018-02-03 12:00:39',NULL),(5,5,2,'testitnghuseting','2018-02-03 12:00:39','2018-02-03 12:00:39',NULL),(6,5,3,'f','2018-02-03 12:00:39','2018-02-03 12:00:39',NULL),(7,11,1,'4-6-51','2018-02-04 14:40:51','2018-02-04 14:40:51',NULL),(8,11,2,'testing huesting zhesting','2018-02-04 14:40:51','2018-02-04 14:40:51',NULL),(9,11,3,'male','2018-02-04 14:40:51','2018-02-04 14:40:51',NULL),(10,12,1,'15-8-1999','2018-02-11 12:52:33','2018-02-11 12:52:33',NULL),(11,12,2,'testing huesting zhesting chesting','2018-02-11 12:52:33','2018-02-11 12:52:33',NULL),(12,12,3,'male','2018-02-11 12:52:33','2018-02-11 12:52:33',NULL),(13,1,2,'это просто тестовое описание себя','2018-04-15 10:26:15','2018-04-15 10:26:15',NULL),(14,1,2,'testinghuestingt','2018-04-15 10:27:17','2018-04-15 10:27:17',NULL),(15,1,2,'testinghuesting zhesting bresting chesting huesting','2018-04-15 10:45:19','2018-04-15 10:45:19',NULL),(16,1,2,'testinghuesting zhesting bresting chesting huesting','2018-04-15 10:46:55','2018-04-15 10:46:55',NULL),(17,1,5,'testinhguesting zhesting','2018-04-15 10:46:55','2018-04-15 10:46:55',NULL),(18,1,2,'testinghuesting zhesting bresting chesting huesting','2018-04-15 11:11:49','2018-04-15 11:11:49',NULL),(19,1,5,'testinhguesting zhesting','2018-04-15 11:11:49','2018-04-15 11:11:49',NULL),(20,1,1,'11-4-1989','2018-04-15 11:11:49','2018-04-15 11:11:49',NULL),(21,13,1,'15-7-1989','2018-04-15 11:29:58','2018-04-15 11:29:58',NULL),(22,13,2,'testinghuseting zhesting','2018-04-15 11:29:58','2018-04-15 11:29:58',NULL),(23,13,3,'male','2018-04-15 11:29:58','2018-04-15 11:29:58',NULL),(24,13,4,'Москва','2018-04-15 11:29:58','2018-04-15 11:29:58',NULL),(25,1,2,'testinghuesting zhesting bresting chesting huesting','2018-04-24 11:22:44','2018-04-24 11:22:44',NULL),(26,1,5,'testinhguesting zhesting','2018-04-24 11:22:44','2018-04-24 11:22:44',NULL),(27,1,1,'11-4-1989','2018-04-24 11:22:44','2018-04-24 11:22:44',NULL),(28,1,2,'testinghuesting zhesting bresting chesting huesting','2018-04-24 11:25:19','2018-04-24 11:25:19',NULL),(29,1,5,'testinhguesting zhesting','2018-04-24 11:25:19','2018-04-24 11:25:19',NULL),(30,1,1,'11-4-1989','2018-04-24 11:25:19','2018-04-24 11:25:19',NULL),(31,14,1,'10-9-1989','2018-04-24 11:26:10','2018-04-24 11:26:10',NULL),(32,14,2,'testinghuesitng 11','2018-04-24 11:26:10','2018-04-24 11:26:10',NULL),(33,14,3,'male','2018-04-24 11:26:10','2018-04-24 11:26:10',NULL),(34,14,4,'moscow','2018-04-24 11:26:10','2018-04-24 11:26:10',NULL),(35,14,2,'testinghuesitng 11','2018-04-24 11:30:42','2018-04-24 11:30:42',NULL),(36,14,5,'testinhgu','2018-04-24 11:30:42','2018-04-24 11:30:42',NULL),(37,14,1,'--','2018-04-24 11:30:42','2018-04-24 11:30:42',NULL),(38,14,1,'--','2018-04-24 11:50:36','2018-04-24 11:50:36',NULL),(39,14,2,'testinghuesitng 11','2018-04-24 11:50:36','2018-04-24 11:50:36',NULL),(40,14,3,'male','2018-04-24 11:50:36','2018-04-24 11:50:36',NULL),(41,14,4,'moscow','2018-04-24 11:50:36','2018-04-24 11:50:36',NULL),(42,14,5,'testinhgu','2018-04-24 11:50:36','2018-04-24 11:50:36',NULL),(43,1,2,'testinghuesting zhesting bresting chesting huesting','2018-04-24 17:20:29','2018-04-24 17:20:29',NULL),(44,1,5,'testinhguesting zhesting','2018-04-24 17:20:29','2018-04-24 17:20:29',NULL),(45,1,1,'11-4-1989','2018-04-24 17:20:29','2018-04-24 17:20:29',NULL),(46,15,1,'14-7-1989','2018-04-24 17:21:36','2018-04-24 17:21:36',NULL),(47,15,2,'testinghuesting zhesting','2018-04-24 17:21:36','2018-04-24 17:21:36',NULL),(48,15,3,'male','2018-04-24 17:21:36','2018-04-24 17:21:36',NULL),(49,15,4,'Москва','2018-04-24 17:21:36','2018-04-24 17:21:36',NULL),(50,15,2,'testinghuesting zhesting','2018-04-24 17:23:54','2018-04-24 17:23:54',NULL),(51,15,5,'testinghuesting zhesting chesting','2018-04-24 17:23:54','2018-04-24 17:23:54',NULL),(52,15,1,'14-7-1989','2018-04-24 17:34:21','2018-04-24 17:34:21',NULL),(53,15,2,'testinghuesting zhesting','2018-04-24 17:34:21','2018-04-24 17:34:21',NULL),(54,15,3,'male','2018-04-24 17:34:21','2018-04-24 17:34:21',NULL),(55,15,4,'Москва','2018-04-24 17:34:21','2018-04-24 17:34:21',NULL),(56,15,5,'testinghuesting zhesting chesting','2018-04-24 17:34:21','2018-04-24 17:34:21',NULL),(57,1,5,'stntsntsns','2018-04-29 10:58:25','2018-04-29 10:58:25',NULL),(58,1,2,'testinghuesting zhesting bresting chesting huesting','2018-04-29 11:10:52','2018-04-29 11:10:52',NULL),(59,1,5,'stntsntsns','2018-04-29 11:10:52','2018-04-29 11:10:52',NULL),(60,1,1,'11-4-1989','2018-04-29 11:10:52','2018-04-29 11:10:52',NULL),(61,16,1,'14-4-1983','2018-04-29 11:11:59','2018-04-29 11:11:59',NULL),(62,16,2,'Новый тестовый аккаунт','2018-04-29 11:11:59','2018-04-29 11:11:59',NULL),(63,16,3,'male','2018-04-29 11:11:59','2018-04-29 11:11:59',NULL),(64,16,4,'Москва','2018-04-29 11:11:59','2018-04-29 11:11:59',NULL),(65,16,5,'Это просто тестовое приветствие','2018-04-29 11:13:21','2018-04-29 11:13:21',NULL),(66,16,5,'Это обновление','2018-04-29 11:14:10','2018-04-29 11:14:10',NULL),(67,16,5,'Это обновление','2018-04-29 11:27:35','2018-04-29 11:27:35',NULL),(68,16,5,'Это обновление','2018-04-29 11:27:43','2018-04-29 11:27:43',NULL),(69,16,5,'Это просто тестовое приветствие','2018-04-29 11:35:07','2018-04-29 11:35:07',NULL),(70,16,5,'Это просто тестовое приветствие 1','2018-04-29 11:36:51','2018-04-29 11:36:51',NULL),(71,16,5,'Это просто тестовое приветствие 1','2018-04-29 11:37:22','2018-04-29 11:37:22',NULL),(72,16,5,'Это просто тестовое приветствие 1','2018-04-29 11:38:23','2018-04-29 11:38:23',NULL),(73,16,4,'Михайловск (Ставропольский край)','2018-04-29 11:38:23','2018-04-29 11:38:23',NULL),(74,16,5,'Это просто тестовое приветствие 1123','2018-04-29 11:38:33','2018-04-29 11:38:33',NULL),(75,16,4,'Михайловск (Ставропольский край)','2018-04-29 11:38:33','2018-04-29 11:38:33',NULL),(76,16,5,'Это просто тестовое приветствие 1123','2018-04-29 11:38:50','2018-04-29 11:38:50',NULL),(77,16,4,'Михайловск (Ставропольский край)','2018-04-29 11:38:50','2018-04-29 11:38:50',NULL),(78,16,2,'Новый тестовый аккаунт 2398878','2018-04-29 11:39:15','2018-04-29 11:39:15',NULL),(79,16,5,'Это просто тестовое приветствие 1123','2018-04-29 11:39:15','2018-04-29 11:39:15',NULL),(80,16,4,'Михайловск (Ставропольский край)','2018-04-29 11:39:15','2018-04-29 11:39:15',NULL),(81,16,2,'Новый тестовый аккаунт 2398878','2018-04-29 11:40:11','2018-04-29 11:40:11',NULL),(82,16,5,'Это просто тестовое приветствие 1123','2018-04-29 11:40:11','2018-04-29 11:40:11',NULL),(83,16,4,'Москва','2018-04-29 11:40:11','2018-04-29 11:40:11',NULL),(84,16,2,'Новый тестовый аккаунт 2398878','2018-04-29 11:40:16','2018-04-29 11:40:16',NULL),(85,16,5,'Это просто тестовое приветствие 1123','2018-04-29 11:40:16','2018-04-29 11:40:16',NULL),(86,16,4,'Москва','2018-04-29 11:40:16','2018-04-29 11:40:16',NULL),(87,16,2,'Новый тестовый аккаунт 2398878','2018-04-29 11:40:21','2018-04-29 11:40:21',NULL),(88,16,5,'Это просто тестовое приветствие 1123','2018-04-29 11:40:21','2018-04-29 11:40:21',NULL),(89,16,4,'Москва','2018-04-29 11:40:21','2018-04-29 11:40:21',NULL),(90,16,2,'Новый тестовый аккаунт 2398878 2','2018-04-29 11:43:45','2018-04-29 11:43:45',NULL),(91,16,3,'male','2018-04-29 11:43:45','2018-04-29 11:43:45',NULL),(92,16,4,'Москва','2018-04-29 11:43:45','2018-04-29 11:43:45',NULL),(93,16,5,'Это просто тестовое приветствие 1123','2018-04-29 11:43:45','2018-04-29 11:43:45',NULL),(94,16,2,'Новый тестовый аккаунт 2398878 29898','2018-04-29 11:43:58','2018-04-29 11:43:58',NULL),(95,16,3,'famale','2018-04-29 11:43:58','2018-04-29 11:43:58',NULL),(96,16,4,'Михайловск (Ставропольский край)','2018-04-29 11:43:58','2018-04-29 11:43:58',NULL),(97,16,5,'Это просто тестовое приветствие 1123 909','2018-04-29 11:43:58','2018-04-29 11:43:58',NULL),(98,16,2,'Новый тестовый аккаунт 2398878 29898','2018-04-29 11:44:52','2018-04-29 11:44:52',NULL),(99,16,3,'famale','2018-04-29 11:44:52','2018-04-29 11:44:52',NULL),(100,16,4,'Михайловск (Ставропольский край)','2018-04-29 11:44:52','2018-04-29 11:44:52',NULL),(101,16,5,'Это просто тестовое приветствие 1123 909','2018-04-29 11:44:52','2018-04-29 11:44:52',NULL),(102,1,2,'testinghuesting zhesting bresting chesting huesting','2018-04-30 02:46:25','2018-04-30 02:46:25',NULL),(103,1,5,'stntsntsns','2018-04-30 02:46:25','2018-04-30 02:46:25',NULL),(104,1,1,'11-4-1989','2018-04-30 02:46:25','2018-04-30 02:46:25',NULL),(105,1,2,'testinghuesting zhesting bresting chesting huesting','2018-04-30 02:46:29','2018-04-30 02:46:29',NULL),(106,1,5,'stntsntsns','2018-04-30 02:46:29','2018-04-30 02:46:29',NULL),(107,1,1,'11-4-1989','2018-04-30 02:46:29','2018-04-30 02:46:29',NULL),(108,1,2,'testinghuesting zhesting bresting chesting huesting','2018-04-30 02:46:37','2018-04-30 02:46:37',NULL),(109,1,5,'stntsntsns','2018-04-30 02:46:37','2018-04-30 02:46:37',NULL),(110,1,1,'11-4-1989','2018-04-30 02:46:37','2018-04-30 02:46:37',NULL),(111,1,2,'testinghuesting zhesting bresting chesting huesting','2018-04-30 02:46:37','2018-04-30 02:46:37',NULL),(112,1,5,'stntsntsns','2018-04-30 02:46:37','2018-04-30 02:46:37',NULL),(113,1,1,'11-4-1989','2018-04-30 02:46:37','2018-04-30 02:46:37',NULL),(114,1,2,'testinghuesting zhesting bresting chesting huesting','2018-04-30 02:47:09','2018-04-30 02:47:09',NULL),(115,1,5,'stntsntsns','2018-04-30 02:47:09','2018-04-30 02:47:09',NULL),(116,1,1,'11-4-1989','2018-04-30 02:47:09','2018-04-30 02:47:09',NULL),(117,1,2,'testinghuesting zhesting bresting chesting huesting','2018-04-30 02:47:18','2018-04-30 02:47:18',NULL),(118,1,5,'stntsntsns','2018-04-30 02:47:18','2018-04-30 02:47:18',NULL),(119,1,1,'11-4-1989','2018-04-30 02:47:18','2018-04-30 02:47:18',NULL),(120,1,2,'testinghuesting zhesting bresting chesting huesting','2018-04-30 02:50:45','2018-04-30 02:50:45',NULL),(121,1,5,'stntsntsns','2018-04-30 02:50:45','2018-04-30 02:50:45',NULL),(122,1,1,'11-4-1989','2018-04-30 02:50:45','2018-04-30 02:50:45',NULL),(123,1,2,'testinghuesting zhesting bresting chesting huesting','2018-04-30 05:52:20','2018-04-30 05:52:20',NULL),(124,1,5,'stntsntsns','2018-04-30 05:52:20','2018-04-30 05:52:20',NULL),(125,1,1,'11-4-1989','2018-04-30 05:52:20','2018-04-30 05:52:20',NULL),(126,1,2,'testinghuesting zhesting bresting chesting huesting','2018-04-30 05:55:16','2018-04-30 05:55:16',NULL),(127,1,5,'stntsntsns','2018-04-30 05:55:16','2018-04-30 05:55:16',NULL),(128,1,1,'11-4-1989','2018-04-30 05:55:16','2018-04-30 05:55:16',NULL),(129,1,2,'testinghuesting zhesting bresting chesting huesting','2018-04-30 05:55:19','2018-04-30 05:55:19',NULL),(130,1,5,'stntsntsns','2018-04-30 05:55:19','2018-04-30 05:55:19',NULL),(131,1,1,'11-4-1989','2018-04-30 05:55:19','2018-04-30 05:55:19',NULL),(132,1,2,'testinghuesting zhesting bresting chesting huesting','2018-04-30 05:56:32','2018-04-30 05:56:32',NULL),(133,1,5,'stntsntsns','2018-04-30 05:56:32','2018-04-30 05:56:32',NULL),(134,1,1,'11-4-1989','2018-04-30 05:56:32','2018-04-30 05:56:32',NULL),(135,1,2,'testinghuesting zhesting bresting chesting huesting','2018-04-30 05:56:45','2018-04-30 05:56:45',NULL),(136,1,5,'stntsntsns','2018-04-30 05:56:45','2018-04-30 05:56:45',NULL),(137,1,1,'11-4-1989','2018-04-30 05:56:45','2018-04-30 05:56:45',NULL),(138,1,2,'testinghuesting zhesting bresting chesting huesting','2018-04-30 05:58:31','2018-04-30 05:58:31',NULL),(139,1,5,'stntsntsns','2018-04-30 05:58:31','2018-04-30 05:58:31',NULL),(140,1,1,'11-4-1989','2018-04-30 05:58:31','2018-04-30 05:58:31',NULL),(141,1,2,'testinghuesting zhesting bresting chesting huesting','2018-04-30 05:58:45','2018-04-30 05:58:45',NULL),(142,1,5,'stntsntsns','2018-04-30 05:58:45','2018-04-30 05:58:45',NULL),(143,1,1,'11-4-1989','2018-04-30 05:58:45','2018-04-30 05:58:45',NULL),(144,1,2,'testinghuesting zhesting bresting chesting huesting','2018-04-30 05:59:40','2018-04-30 05:59:40',NULL),(145,1,5,'stntsntsns','2018-04-30 05:59:40','2018-04-30 05:59:40',NULL),(146,1,1,'11-4-1989','2018-04-30 05:59:40','2018-04-30 05:59:40',NULL),(147,1,2,'testinghuesting zhesting bresting chesting huesting','2018-04-30 05:59:58','2018-04-30 05:59:58',NULL),(148,1,5,'stntsntsns','2018-04-30 05:59:58','2018-04-30 05:59:58',NULL),(149,1,1,'11-4-1989','2018-04-30 05:59:58','2018-04-30 05:59:58',NULL),(150,1,2,'testinghuesting zhesting bresting chesting huesting','2018-04-30 06:00:35','2018-04-30 06:00:35',NULL),(151,1,5,'stntsntsns','2018-04-30 06:00:35','2018-04-30 06:00:35',NULL),(152,1,1,'11-4-1989','2018-04-30 06:00:35','2018-04-30 06:00:35',NULL),(153,1,2,'testinghuesting zhesting bresting chesting huesting','2018-04-30 06:01:00','2018-04-30 06:01:00',NULL),(154,1,5,'stntsntsns','2018-04-30 06:01:00','2018-04-30 06:01:00',NULL),(155,1,1,'11-4-1989','2018-04-30 06:01:00','2018-04-30 06:01:00',NULL),(156,1,2,'testinghuesting zhesting bresting chesting huesting','2018-04-30 06:01:17','2018-04-30 06:01:17',NULL),(157,1,5,'stntsntsns','2018-04-30 06:01:17','2018-04-30 06:01:17',NULL),(158,1,1,'11-4-1989','2018-04-30 06:01:17','2018-04-30 06:01:17',NULL),(159,1,2,'testinghuesting zhesting bresting chesting huesting','2018-04-30 06:04:24','2018-04-30 06:04:24',NULL),(160,1,5,'stntsntsns','2018-04-30 06:04:24','2018-04-30 06:04:24',NULL),(161,1,1,'11-4-1989','2018-04-30 06:04:24','2018-04-30 06:04:24',NULL),(162,1,2,'testinghuesting zhesting bresting chesting huesting','2018-04-30 06:04:49','2018-04-30 06:04:49',NULL),(163,1,5,'stntsntsns','2018-04-30 06:04:49','2018-04-30 06:04:49',NULL),(164,1,1,'11-4-1989','2018-04-30 06:04:49','2018-04-30 06:04:49',NULL),(165,1,2,'testinghuesting zhesting bresting chesting huesting','2018-04-30 06:05:16','2018-04-30 06:05:16',NULL),(166,1,5,'stntsntsns','2018-04-30 06:05:16','2018-04-30 06:05:16',NULL),(167,1,1,'11-4-1989','2018-04-30 06:05:16','2018-04-30 06:05:16',NULL),(168,1,2,'testinghuesting zhesting bresting chesting huesting','2018-04-30 06:05:50','2018-04-30 06:05:50',NULL),(169,1,5,'stntsntsns','2018-04-30 06:05:50','2018-04-30 06:05:50',NULL),(170,1,1,'11-4-1989','2018-04-30 06:05:50','2018-04-30 06:05:50',NULL),(171,1,2,'testinghuesting zhesting bresting chesting huesting','2018-04-30 06:06:47','2018-04-30 06:06:47',NULL),(172,1,5,'stntsntsns','2018-04-30 06:06:47','2018-04-30 06:06:47',NULL),(173,1,1,'11-4-1989','2018-04-30 06:06:47','2018-04-30 06:06:47',NULL),(174,1,2,'testinghuesting zhesting bresting chesting huesting','2018-04-30 06:06:55','2018-04-30 06:06:55',NULL),(175,1,5,'stntsntsns','2018-04-30 06:06:55','2018-04-30 06:06:55',NULL),(176,1,1,'11-4-1989','2018-04-30 06:06:55','2018-04-30 06:06:55',NULL),(177,1,2,'testinghuesting zhesting bresting chesting huesting','2018-04-30 06:07:22','2018-04-30 06:07:22',NULL),(178,1,5,'stntsntsns','2018-04-30 06:07:22','2018-04-30 06:07:22',NULL),(179,1,1,'11-4-1989','2018-04-30 06:07:22','2018-04-30 06:07:22',NULL),(180,1,2,'testinghuesting zhesting bresting chesting huesting','2018-04-30 06:07:47','2018-04-30 06:07:47',NULL),(181,1,5,'stntsntsns','2018-04-30 06:07:47','2018-04-30 06:07:47',NULL),(182,1,1,'11-4-1989','2018-04-30 06:07:47','2018-04-30 06:07:47',NULL),(183,1,2,'testinghuesting zhesting bresting chesting huesting','2018-04-30 06:07:50','2018-04-30 06:07:50',NULL),(184,1,5,'stntsntsns','2018-04-30 06:07:50','2018-04-30 06:07:50',NULL),(185,1,1,'11-4-1989','2018-04-30 06:07:50','2018-04-30 06:07:50',NULL),(186,1,2,'testinghuesting zhesting bresting chesting huesting','2018-04-30 06:07:59','2018-04-30 06:07:59',NULL),(187,1,5,'stntsntsns','2018-04-30 06:07:59','2018-04-30 06:07:59',NULL),(188,1,1,'11-4-1989','2018-04-30 06:07:59','2018-04-30 06:07:59',NULL),(189,1,2,'testinghuesting zhesting bresting chesting huesting','2018-04-30 06:07:59','2018-04-30 06:07:59',NULL),(190,1,5,'stntsntsns','2018-04-30 06:07:59','2018-04-30 06:07:59',NULL),(191,1,1,'11-4-1989','2018-04-30 06:07:59','2018-04-30 06:07:59',NULL),(192,1,3,'male','2018-04-30 06:07:59','2018-04-30 06:07:59',NULL),(193,1,4,'Москва','2018-04-30 06:07:59','2018-04-30 06:07:59',NULL),(194,1,2,'testinghuesting zhesting bresting chesting huesting','2018-04-30 06:08:00','2018-04-30 06:08:00',NULL),(195,1,5,'stntsntsns','2018-04-30 06:08:00','2018-04-30 06:08:00',NULL),(196,1,1,'11-4-1989','2018-04-30 06:08:00','2018-04-30 06:08:00',NULL),(197,1,3,'male','2018-04-30 06:08:00','2018-04-30 06:08:00',NULL),(198,1,4,'Москва','2018-04-30 06:08:00','2018-04-30 06:08:00',NULL),(199,1,2,'testinghuesting zhesting bresting chesting huesting','2018-04-30 06:08:06','2018-04-30 06:08:06',NULL),(200,1,5,'stntsntsns','2018-04-30 06:08:06','2018-04-30 06:08:06',NULL),(201,1,1,'11-4-1989','2018-04-30 06:08:06','2018-04-30 06:08:06',NULL),(202,1,3,'male','2018-04-30 06:08:06','2018-04-30 06:08:06',NULL),(203,1,4,'Москва','2018-04-30 06:08:06','2018-04-30 06:08:06',NULL),(204,1,2,'testinghuesting zhesting bresting chesting huesting','2018-04-30 06:10:04','2018-04-30 06:10:04',NULL),(205,1,5,'stntsntsns','2018-04-30 06:10:04','2018-04-30 06:10:04',NULL),(206,1,1,'11-4-1989','2018-04-30 06:10:04','2018-04-30 06:10:04',NULL),(207,1,3,'male','2018-04-30 06:10:04','2018-04-30 06:10:04',NULL),(208,1,4,'Москва','2018-04-30 06:10:04','2018-04-30 06:10:04',NULL),(209,1,2,'testinghuesting zhesting bresting chesting huesting','2018-04-30 06:10:19','2018-04-30 06:10:19',NULL),(210,1,5,'stntsntsns','2018-04-30 06:10:19','2018-04-30 06:10:19',NULL),(211,1,1,'11-4-1989','2018-04-30 06:10:19','2018-04-30 06:10:19',NULL),(212,1,3,'male','2018-04-30 06:10:19','2018-04-30 06:10:19',NULL),(213,1,4,'Москва','2018-04-30 06:10:19','2018-04-30 06:10:19',NULL),(214,1,2,'testinghuesting zhesting bresting chesting huesting','2018-04-30 06:13:48','2018-04-30 06:13:48',NULL),(215,1,5,'stntsntsns','2018-04-30 06:13:48','2018-04-30 06:13:48',NULL),(216,1,1,'11-4-1989','2018-04-30 06:13:48','2018-04-30 06:13:48',NULL),(217,1,3,'male','2018-04-30 06:13:48','2018-04-30 06:13:48',NULL),(218,1,4,'Москва','2018-04-30 06:13:48','2018-04-30 06:13:48',NULL),(219,1,2,'testinghuesting zhesting bresting chesting huesting','2018-04-30 06:17:47','2018-04-30 06:17:47',NULL),(220,1,5,'stntsntsns','2018-04-30 06:17:47','2018-04-30 06:17:47',NULL),(221,1,1,'11-4-1989','2018-04-30 06:17:47','2018-04-30 06:17:47',NULL),(222,1,3,'male','2018-04-30 06:17:47','2018-04-30 06:17:47',NULL),(223,1,4,'Москва','2018-04-30 06:17:47','2018-04-30 06:17:47',NULL),(224,1,2,'testinghuesting zhesting bresting chesting huesting','2018-04-30 06:17:49','2018-04-30 06:17:49',NULL),(225,1,5,'stntsntsns','2018-04-30 06:17:49','2018-04-30 06:17:49',NULL),(226,1,1,'11-4-1989','2018-04-30 06:17:49','2018-04-30 06:17:49',NULL),(227,1,3,'male','2018-04-30 06:17:49','2018-04-30 06:17:49',NULL),(228,1,4,'Москва','2018-04-30 06:17:49','2018-04-30 06:17:49',NULL),(229,1,2,'testinghuesting zhesting bresting chesting huesting','2018-04-30 06:18:03','2018-04-30 06:18:03',NULL),(230,1,5,'stntsntsns','2018-04-30 06:18:03','2018-04-30 06:18:03',NULL),(231,1,1,'11-4-1989','2018-04-30 06:18:03','2018-04-30 06:18:03',NULL),(232,1,3,'male','2018-04-30 06:18:03','2018-04-30 06:18:03',NULL),(233,1,4,'Москва','2018-04-30 06:18:03','2018-04-30 06:18:03',NULL),(234,1,2,'testinghuesting zhesting bresting chesting huesting','2018-04-30 06:18:04','2018-04-30 06:18:04',NULL),(235,1,5,'stntsntsns','2018-04-30 06:18:04','2018-04-30 06:18:04',NULL),(236,1,1,'11-4-1989','2018-04-30 06:18:04','2018-04-30 06:18:04',NULL),(237,1,3,'male','2018-04-30 06:18:04','2018-04-30 06:18:04',NULL),(238,1,4,'Москва','2018-04-30 06:18:04','2018-04-30 06:18:04',NULL),(239,1,2,'testinghuesting zhesting bresting chesting huesting','2018-04-30 06:19:31','2018-04-30 06:19:31',NULL),(240,1,5,'stntsntsns','2018-04-30 06:19:31','2018-04-30 06:19:31',NULL),(241,1,1,'11-4-1989','2018-04-30 06:19:31','2018-04-30 06:19:31',NULL),(242,1,3,'male','2018-04-30 06:19:31','2018-04-30 06:19:31',NULL),(243,1,4,'Москва','2018-04-30 06:19:31','2018-04-30 06:19:31',NULL),(244,1,2,'testinghuesting zhesting bresting chesting huesting','2018-04-30 06:20:41','2018-04-30 06:20:41',NULL),(245,1,5,'stntsntsns','2018-04-30 06:20:41','2018-04-30 06:20:41',NULL),(246,1,1,'11-4-1989','2018-04-30 06:20:41','2018-04-30 06:20:41',NULL),(247,1,3,'male','2018-04-30 06:20:41','2018-04-30 06:20:41',NULL),(248,1,4,'Москва','2018-04-30 06:20:41','2018-04-30 06:20:41',NULL),(249,1,2,'testinghuesting zhesting bresting chesting huesting','2018-04-30 06:20:41','2018-04-30 06:20:41',NULL),(250,1,5,'stntsntsns','2018-04-30 06:20:41','2018-04-30 06:20:41',NULL),(251,1,1,'11-4-1989','2018-04-30 06:20:41','2018-04-30 06:20:41',NULL),(252,1,3,'male','2018-04-30 06:20:41','2018-04-30 06:20:41',NULL),(253,1,4,'Москва','2018-04-30 06:20:41','2018-04-30 06:20:41',NULL),(254,1,2,'testinghuesting zhesting bresting chesting huesting','2018-04-30 06:21:16','2018-04-30 06:21:16',NULL),(255,1,5,'stntsntsns','2018-04-30 06:21:16','2018-04-30 06:21:16',NULL),(256,1,1,'11-4-1989','2018-04-30 06:21:16','2018-04-30 06:21:16',NULL),(257,1,3,'male','2018-04-30 06:21:16','2018-04-30 06:21:16',NULL),(258,1,4,'Москва','2018-04-30 06:21:16','2018-04-30 06:21:16',NULL),(259,1,2,'testinghuesting zhesting bresting chesting huesting','2018-04-30 06:21:25','2018-04-30 06:21:25',NULL),(260,1,5,'stntsntsns','2018-04-30 06:21:25','2018-04-30 06:21:25',NULL),(261,1,1,'11-4-1989','2018-04-30 06:21:25','2018-04-30 06:21:25',NULL),(262,1,3,'male','2018-04-30 06:21:25','2018-04-30 06:21:25',NULL),(263,1,4,'Москва','2018-04-30 06:21:25','2018-04-30 06:21:25',NULL),(264,1,2,'testinghuesting zhesting bresting chesting huesting','2018-04-30 06:22:00','2018-04-30 06:22:00',NULL),(265,1,5,'stntsntsns','2018-04-30 06:22:00','2018-04-30 06:22:00',NULL),(266,1,1,'11-4-1989','2018-04-30 06:22:00','2018-04-30 06:22:00',NULL),(267,1,3,'male','2018-04-30 06:22:00','2018-04-30 06:22:00',NULL),(268,1,4,'Москва','2018-04-30 06:22:00','2018-04-30 06:22:00',NULL),(269,1,2,'testinghuesting zhesting bresting chesting huesting','2018-04-30 06:22:06','2018-04-30 06:22:06',NULL),(270,1,5,'stntsntsns','2018-04-30 06:22:06','2018-04-30 06:22:06',NULL),(271,1,1,'11-4-1989','2018-04-30 06:22:06','2018-04-30 06:22:06',NULL),(272,1,3,'male','2018-04-30 06:22:06','2018-04-30 06:22:06',NULL),(273,1,4,'Москва','2018-04-30 06:22:06','2018-04-30 06:22:06',NULL),(274,1,2,'testinghuesting zhesting bresting chesting huesting','2018-04-30 06:22:11','2018-04-30 06:22:11',NULL),(275,1,5,'stntsntsns','2018-04-30 06:22:11','2018-04-30 06:22:11',NULL),(276,1,1,'11-4-1989','2018-04-30 06:22:11','2018-04-30 06:22:11',NULL),(277,1,3,'male','2018-04-30 06:22:11','2018-04-30 06:22:11',NULL),(278,1,4,'Москва','2018-04-30 06:22:11','2018-04-30 06:22:11',NULL),(279,1,2,'testinghuesting zhesting bresting chesting huesting','2018-04-30 06:23:20','2018-04-30 06:23:20',NULL),(280,1,5,'stntsntsns','2018-04-30 06:23:20','2018-04-30 06:23:20',NULL),(281,1,1,'11-4-1989','2018-04-30 06:23:20','2018-04-30 06:23:20',NULL),(282,1,3,'male','2018-04-30 06:23:20','2018-04-30 06:23:20',NULL),(283,1,4,'Москва','2018-04-30 06:23:20','2018-04-30 06:23:20',NULL),(284,1,2,'testinghuesting zhesting bresting chesting huesting','2018-04-30 06:23:46','2018-04-30 06:23:46',NULL),(285,1,5,'stntsntsns','2018-04-30 06:23:46','2018-04-30 06:23:46',NULL),(286,1,1,'11-4-1989','2018-04-30 06:23:46','2018-04-30 06:23:46',NULL),(287,1,3,'male','2018-04-30 06:23:46','2018-04-30 06:23:46',NULL),(288,1,4,'Москва','2018-04-30 06:23:46','2018-04-30 06:23:46',NULL),(289,1,2,'testinghuesting zhesting bresting chesting huesting','2018-04-30 06:24:37','2018-04-30 06:24:37',NULL),(290,1,5,'stntsntsns','2018-04-30 06:24:37','2018-04-30 06:24:37',NULL),(291,1,1,'11-4-1989','2018-04-30 06:24:37','2018-04-30 06:24:37',NULL),(292,1,3,'male','2018-04-30 06:24:37','2018-04-30 06:24:37',NULL),(293,1,4,'Москва','2018-04-30 06:24:37','2018-04-30 06:24:37',NULL),(294,1,2,'testinghuesting zhesting bresting chesting huesting','2018-04-30 06:26:32','2018-04-30 06:26:32',NULL),(295,1,5,'stntsntsns','2018-04-30 06:26:32','2018-04-30 06:26:32',NULL),(296,1,1,'11-4-1989','2018-04-30 06:26:32','2018-04-30 06:26:32',NULL),(297,1,3,'male','2018-04-30 06:26:32','2018-04-30 06:26:32',NULL),(298,1,4,'Москва','2018-04-30 06:26:32','2018-04-30 06:26:32',NULL),(299,1,2,'testinghuesting zhesting bresting chesting huesting','2018-04-30 06:28:11','2018-04-30 06:28:11',NULL),(300,1,5,'stntsntsns','2018-04-30 06:28:11','2018-04-30 06:28:11',NULL),(301,1,1,'11-4-1989','2018-04-30 06:28:11','2018-04-30 06:28:11',NULL),(302,1,3,'male','2018-04-30 06:28:11','2018-04-30 06:28:11',NULL),(303,1,4,'Москва','2018-04-30 06:28:11','2018-04-30 06:28:11',NULL),(304,1,2,'testinghuesting zhesting bresting chesting huesting','2018-04-30 06:29:24','2018-04-30 06:29:24',NULL),(305,1,5,'stntsntsns','2018-04-30 06:29:24','2018-04-30 06:29:24',NULL),(306,1,1,'11-4-1989','2018-04-30 06:29:24','2018-04-30 06:29:24',NULL),(307,1,3,'male','2018-04-30 06:29:24','2018-04-30 06:29:24',NULL),(308,1,4,'Москва','2018-04-30 06:29:24','2018-04-30 06:29:24',NULL),(309,1,2,'testinghuesting zhesting bresting chesting huesting','2018-04-30 06:29:56','2018-04-30 06:29:56',NULL),(310,1,5,'stntsntsns','2018-04-30 06:29:56','2018-04-30 06:29:56',NULL),(311,1,1,'11-4-1989','2018-04-30 06:29:56','2018-04-30 06:29:56',NULL),(312,1,3,'male','2018-04-30 06:29:56','2018-04-30 06:29:56',NULL),(313,1,4,'Москва','2018-04-30 06:29:56','2018-04-30 06:29:56',NULL),(314,1,2,'testinghuesting zhesting bresting chesting huesting','2018-04-30 06:30:03','2018-04-30 06:30:03',NULL),(315,1,5,'stntsntsns','2018-04-30 06:30:03','2018-04-30 06:30:03',NULL),(316,1,1,'11-4-1989','2018-04-30 06:30:03','2018-04-30 06:30:03',NULL),(317,1,3,'male','2018-04-30 06:30:03','2018-04-30 06:30:03',NULL),(318,1,4,'Москва','2018-04-30 06:30:03','2018-04-30 06:30:03',NULL),(319,1,2,'testinghuesting zhesting bresting chesting huesting','2018-04-30 06:30:28','2018-04-30 06:30:28',NULL),(320,1,5,'stntsntsns','2018-04-30 06:30:28','2018-04-30 06:30:28',NULL),(321,1,1,'11-4-1989','2018-04-30 06:30:28','2018-04-30 06:30:28',NULL),(322,1,3,'male','2018-04-30 06:30:28','2018-04-30 06:30:28',NULL),(323,1,4,'Москва','2018-04-30 06:30:28','2018-04-30 06:30:28',NULL),(324,1,2,'testinghuesting zhesting bresting chesting huesting','2018-04-30 06:30:29','2018-04-30 06:30:29',NULL),(325,1,5,'stntsntsns','2018-04-30 06:30:29','2018-04-30 06:30:29',NULL),(326,1,1,'11-4-1989','2018-04-30 06:30:29','2018-04-30 06:30:29',NULL),(327,1,3,'male','2018-04-30 06:30:29','2018-04-30 06:30:29',NULL),(328,1,4,'Москва','2018-04-30 06:30:29','2018-04-30 06:30:29',NULL),(329,1,2,'testinghuesting zhesting bresting chesting huesting','2018-04-30 06:30:33','2018-04-30 06:30:33',NULL),(330,1,5,'stntsntsns','2018-04-30 06:30:33','2018-04-30 06:30:33',NULL),(331,1,1,'11-4-1989','2018-04-30 06:30:33','2018-04-30 06:30:33',NULL),(332,1,3,'male','2018-04-30 06:30:33','2018-04-30 06:30:33',NULL),(333,1,4,'Москва','2018-04-30 06:30:33','2018-04-30 06:30:33',NULL),(334,1,2,'testinghuesting zhesting bresting chesting huesting','2018-04-30 06:30:46','2018-04-30 06:30:46',NULL),(335,1,5,'stntsntsns','2018-04-30 06:30:46','2018-04-30 06:30:46',NULL),(336,1,1,'11-4-1989','2018-04-30 06:30:46','2018-04-30 06:30:46',NULL),(337,1,3,'male','2018-04-30 06:30:46','2018-04-30 06:30:46',NULL),(338,1,4,'Москва','2018-04-30 06:30:46','2018-04-30 06:30:46',NULL),(339,1,2,'testinghuesting zhesting bresting chesting huesting','2018-04-30 06:30:51','2018-04-30 06:30:51',NULL),(340,1,5,'stntsntsns','2018-04-30 06:30:51','2018-04-30 06:30:51',NULL),(341,1,1,'11-4-1989','2018-04-30 06:30:51','2018-04-30 06:30:51',NULL),(342,1,3,'male','2018-04-30 06:30:51','2018-04-30 06:30:51',NULL),(343,1,4,'Москва','2018-04-30 06:30:51','2018-04-30 06:30:51',NULL),(344,1,2,'testinghuesting zhesting bresting chesting huesting','2018-04-30 15:30:06','2018-04-30 15:30:06',NULL),(345,1,5,'stntsntsns','2018-04-30 15:30:06','2018-04-30 15:30:06',NULL),(346,1,1,'11-4-1989','2018-04-30 15:30:06','2018-04-30 15:30:06',NULL),(347,1,3,'male','2018-04-30 15:30:06','2018-04-30 15:30:06',NULL),(348,1,4,'Москва','2018-04-30 15:30:06','2018-04-30 15:30:06',NULL),(349,1,2,'testinghuesting zhesting bresting chesting huesting','2018-04-30 15:30:10','2018-04-30 15:30:10',NULL),(350,1,5,'stntsntsns','2018-04-30 15:30:10','2018-04-30 15:30:10',NULL),(351,1,1,'11-4-1989','2018-04-30 15:30:10','2018-04-30 15:30:10',NULL),(352,1,3,'male','2018-04-30 15:30:10','2018-04-30 15:30:10',NULL),(353,1,4,'Москва','2018-04-30 15:30:10','2018-04-30 15:30:10',NULL),(354,1,2,'testinghuesting zhesting bresting chesting huesting','2018-04-30 15:30:13','2018-04-30 15:30:13',NULL),(355,1,5,'stntsntsns','2018-04-30 15:30:13','2018-04-30 15:30:13',NULL),(356,1,1,'11-4-1989','2018-04-30 15:30:13','2018-04-30 15:30:13',NULL),(357,1,3,'male','2018-04-30 15:30:13','2018-04-30 15:30:13',NULL),(358,1,4,'Москва','2018-04-30 15:30:13','2018-04-30 15:30:13',NULL),(359,1,2,'testinghuesting zhesting bresting chesting huesting','2018-04-30 15:30:30','2018-04-30 15:30:30',NULL),(360,1,5,'stntsntsns','2018-04-30 15:30:30','2018-04-30 15:30:30',NULL),(361,1,1,'11-4-1989','2018-04-30 15:30:30','2018-04-30 15:30:30',NULL),(362,1,3,'male','2018-04-30 15:30:30','2018-04-30 15:30:30',NULL),(363,1,4,'Москва','2018-04-30 15:30:30','2018-04-30 15:30:30',NULL),(364,1,2,'testinghuesting zhesting bresting chesting huesting','2018-04-30 15:30:34','2018-04-30 15:30:34',NULL),(365,1,5,'stntsntsns','2018-04-30 15:30:34','2018-04-30 15:30:34',NULL),(366,1,1,'11-4-1989','2018-04-30 15:30:34','2018-04-30 15:30:34',NULL),(367,1,3,'male','2018-04-30 15:30:34','2018-04-30 15:30:34',NULL),(368,1,4,'Москва','2018-04-30 15:30:34','2018-04-30 15:30:34',NULL),(369,1,2,'testinghuesting zhesting bresting chesting huesting','2018-04-30 15:32:13','2018-04-30 15:32:13',NULL),(370,1,5,'stntsntsns','2018-04-30 15:32:13','2018-04-30 15:32:13',NULL),(371,1,1,'11-4-1989','2018-04-30 15:32:13','2018-04-30 15:32:13',NULL),(372,1,3,'male','2018-04-30 15:32:13','2018-04-30 15:32:13',NULL),(373,1,4,'Москва','2018-04-30 15:32:13','2018-04-30 15:32:13',NULL),(374,1,2,'testinghuesting zhesting bresting chesting huesting','2018-04-30 21:27:55','2018-04-30 21:27:55',NULL),(375,1,5,'stntsntsns','2018-04-30 21:27:55','2018-04-30 21:27:55',NULL),(376,1,1,'11-4-1989','2018-04-30 21:27:55','2018-04-30 21:27:55',NULL),(377,1,3,'male','2018-04-30 21:27:55','2018-04-30 21:27:55',NULL),(378,1,4,'Москва','2018-04-30 21:27:55','2018-04-30 21:27:55',NULL),(379,1,2,'testinghuesting zhesting bresting chesting huesting','2018-04-30 21:29:03','2018-04-30 21:29:03',NULL),(380,1,5,'stntsntsns','2018-04-30 21:29:03','2018-04-30 21:29:03',NULL),(381,1,1,'11-4-1989','2018-04-30 21:29:03','2018-04-30 21:29:03',NULL),(382,1,3,'male','2018-04-30 21:29:03','2018-04-30 21:29:03',NULL),(383,1,4,'Москва','2018-04-30 21:29:03','2018-04-30 21:29:03',NULL),(384,1,2,'testinghuesting zhesting bresting chesting huesting','2018-04-30 21:29:09','2018-04-30 21:29:09',NULL),(385,1,5,'stntsntsns','2018-04-30 21:29:09','2018-04-30 21:29:09',NULL),(386,1,1,'11-4-1989','2018-04-30 21:29:09','2018-04-30 21:29:09',NULL),(387,1,3,'male','2018-04-30 21:29:09','2018-04-30 21:29:09',NULL),(388,1,4,'Москва','2018-04-30 21:29:09','2018-04-30 21:29:09',NULL),(389,1,2,'testinghuesting zhesting bresting chesting huesting','2018-04-30 21:29:19','2018-04-30 21:29:19',NULL),(390,1,5,'stntsntsns','2018-04-30 21:29:19','2018-04-30 21:29:19',NULL),(391,1,1,'11-4-1989','2018-04-30 21:29:19','2018-04-30 21:29:19',NULL),(392,1,3,'male','2018-04-30 21:29:19','2018-04-30 21:29:19',NULL),(393,1,4,'Москва','2018-04-30 21:29:19','2018-04-30 21:29:19',NULL),(394,1,2,'testinghuesting zhesting bresting chesting huesting','2018-04-30 21:29:25','2018-04-30 21:29:25',NULL),(395,1,5,'stntsntsns','2018-04-30 21:29:25','2018-04-30 21:29:25',NULL),(396,1,1,'11-4-1989','2018-04-30 21:29:25','2018-04-30 21:29:25',NULL),(397,1,3,'male','2018-04-30 21:29:25','2018-04-30 21:29:25',NULL),(398,1,4,'Москва','2018-04-30 21:29:25','2018-04-30 21:29:25',NULL),(399,1,2,'testinghuesting zhesting bresting chesting huesting','2018-04-30 21:29:33','2018-04-30 21:29:33',NULL),(400,1,5,'stntsntsns','2018-04-30 21:29:33','2018-04-30 21:29:33',NULL),(401,1,1,'11-4-1989','2018-04-30 21:29:33','2018-04-30 21:29:33',NULL),(402,1,3,'male','2018-04-30 21:29:33','2018-04-30 21:29:33',NULL),(403,1,4,'Москва','2018-04-30 21:29:33','2018-04-30 21:29:33',NULL),(404,1,2,'testinghuesting zhesting bresting chesting huesting','2018-04-30 21:29:33','2018-04-30 21:29:33',NULL),(405,1,5,'stntsntsns','2018-04-30 21:29:33','2018-04-30 21:29:33',NULL),(406,1,1,'11-4-1989','2018-04-30 21:29:33','2018-04-30 21:29:33',NULL),(407,1,3,'male','2018-04-30 21:29:33','2018-04-30 21:29:33',NULL),(408,1,4,'Москва','2018-04-30 21:29:33','2018-04-30 21:29:33',NULL),(409,1,2,'testinghuesting zhesting bresting chesting huesting','2018-04-30 21:29:34','2018-04-30 21:29:34',NULL),(410,1,5,'stntsntsns','2018-04-30 21:29:34','2018-04-30 21:29:34',NULL),(411,1,1,'11-4-1989','2018-04-30 21:29:34','2018-04-30 21:29:34',NULL),(412,1,3,'male','2018-04-30 21:29:34','2018-04-30 21:29:34',NULL),(413,1,4,'Москва','2018-04-30 21:29:34','2018-04-30 21:29:34',NULL),(414,1,2,'testinghuesting zhesting bresting chesting huesting','2018-04-30 21:29:37','2018-04-30 21:29:37',NULL),(415,1,5,'stntsntsns','2018-04-30 21:29:37','2018-04-30 21:29:37',NULL),(416,1,1,'11-4-1989','2018-04-30 21:29:37','2018-04-30 21:29:37',NULL),(417,1,3,'male','2018-04-30 21:29:37','2018-04-30 21:29:37',NULL),(418,1,4,'Москва','2018-04-30 21:29:37','2018-04-30 21:29:37',NULL),(419,1,2,'testinghuesting zhesting bresting chesting huesting','2018-04-30 21:34:42','2018-04-30 21:34:42',NULL),(420,1,5,'stntsntsns','2018-04-30 21:34:42','2018-04-30 21:34:42',NULL),(421,1,1,'11-4-1989','2018-04-30 21:34:42','2018-04-30 21:34:42',NULL),(422,1,3,'male','2018-04-30 21:34:42','2018-04-30 21:34:42',NULL),(423,1,4,'Москва','2018-04-30 21:34:42','2018-04-30 21:34:42',NULL),(424,1,2,'testinghuesting zhesting bresting chesting huesting','2018-04-30 21:34:47','2018-04-30 21:34:47',NULL),(425,1,5,'stntsntsns','2018-04-30 21:34:47','2018-04-30 21:34:47',NULL),(426,1,1,'11-4-1989','2018-04-30 21:34:47','2018-04-30 21:34:47',NULL),(427,1,3,'male','2018-04-30 21:34:47','2018-04-30 21:34:47',NULL),(428,1,4,'Москва','2018-04-30 21:34:47','2018-04-30 21:34:47',NULL),(429,1,2,'testinghuesting zhesting bresting chesting huesting','2018-04-30 21:36:06','2018-04-30 21:36:06',NULL),(430,1,5,'stntsntsns','2018-04-30 21:36:06','2018-04-30 21:36:06',NULL),(431,1,1,'11-4-1989','2018-04-30 21:36:06','2018-04-30 21:36:06',NULL),(432,1,3,'male','2018-04-30 21:36:06','2018-04-30 21:36:06',NULL),(433,1,4,'Москва','2018-04-30 21:36:06','2018-04-30 21:36:06',NULL),(434,1,2,'testinghuesting zhesting bresting chesting huesting','2018-04-30 21:37:16','2018-04-30 21:37:16',NULL),(435,1,5,'stntsntsns','2018-04-30 21:37:16','2018-04-30 21:37:16',NULL),(436,1,1,'11-4-1989','2018-04-30 21:37:16','2018-04-30 21:37:16',NULL),(437,1,3,'male','2018-04-30 21:37:16','2018-04-30 21:37:16',NULL),(438,1,4,'Москва','2018-04-30 21:37:16','2018-04-30 21:37:16',NULL),(439,1,2,'testinghuesting zhesting bresting chesting huesting','2018-04-30 21:39:21','2018-04-30 21:39:21',NULL),(440,1,5,'stntsntsns','2018-04-30 21:39:21','2018-04-30 21:39:21',NULL),(441,1,1,'11-4-1989','2018-04-30 21:39:21','2018-04-30 21:39:21',NULL),(442,1,3,'male','2018-04-30 21:39:21','2018-04-30 21:39:21',NULL),(443,1,4,'Москва','2018-04-30 21:39:21','2018-04-30 21:39:21',NULL),(444,1,2,'testinghuesting zhesting bresting chesting huesting','2018-04-30 21:39:22','2018-04-30 21:39:22',NULL),(445,1,5,'stntsntsns','2018-04-30 21:39:22','2018-04-30 21:39:22',NULL),(446,1,1,'11-4-1989','2018-04-30 21:39:22','2018-04-30 21:39:22',NULL),(447,1,3,'male','2018-04-30 21:39:22','2018-04-30 21:39:22',NULL),(448,1,4,'Москва','2018-04-30 21:39:22','2018-04-30 21:39:22',NULL),(449,1,2,'testinghuesting zhesting bresting chesting huesting','2018-04-30 21:40:00','2018-04-30 21:40:00',NULL),(450,1,5,'stntsntsns','2018-04-30 21:40:00','2018-04-30 21:40:00',NULL),(451,1,1,'11-4-1989','2018-04-30 21:40:00','2018-04-30 21:40:00',NULL),(452,1,3,'male','2018-04-30 21:40:00','2018-04-30 21:40:00',NULL),(453,1,4,'Москва','2018-04-30 21:40:00','2018-04-30 21:40:00',NULL),(454,1,2,'testinghuesting zhesting bresting chesting huesting','2018-04-30 21:40:46','2018-04-30 21:40:46',NULL),(455,1,5,'stntsntsns','2018-04-30 21:40:46','2018-04-30 21:40:46',NULL),(456,1,1,'11-4-1989','2018-04-30 21:40:46','2018-04-30 21:40:46',NULL),(457,1,3,'male','2018-04-30 21:40:46','2018-04-30 21:40:46',NULL),(458,1,4,'Москва','2018-04-30 21:40:46','2018-04-30 21:40:46',NULL),(459,1,2,'testinghuesting zhesting bresting chesting huesting','2018-04-30 21:41:14','2018-04-30 21:41:14',NULL),(460,1,5,'stntsntsns','2018-04-30 21:41:14','2018-04-30 21:41:14',NULL),(461,1,1,'11-4-1989','2018-04-30 21:41:14','2018-04-30 21:41:14',NULL),(462,1,3,'male','2018-04-30 21:41:14','2018-04-30 21:41:14',NULL),(463,1,4,'Москва','2018-04-30 21:41:14','2018-04-30 21:41:14',NULL),(464,1,2,'testinghuesting zhesting bresting chesting huesting','2018-04-30 21:41:51','2018-04-30 21:41:51',NULL),(465,1,5,'stntsntsns','2018-04-30 21:41:51','2018-04-30 21:41:51',NULL),(466,1,1,'11-4-1989','2018-04-30 21:41:51','2018-04-30 21:41:51',NULL),(467,1,3,'male','2018-04-30 21:41:51','2018-04-30 21:41:51',NULL),(468,1,4,'Москва','2018-04-30 21:41:51','2018-04-30 21:41:51',NULL),(469,1,2,'testinghuesting zhesting bresting chesting huesting','2018-04-30 21:42:10','2018-04-30 21:42:10',NULL),(470,1,5,'stntsntsns','2018-04-30 21:42:10','2018-04-30 21:42:10',NULL),(471,1,1,'11-4-1989','2018-04-30 21:42:10','2018-04-30 21:42:10',NULL),(472,1,3,'male','2018-04-30 21:42:10','2018-04-30 21:42:10',NULL),(473,1,4,'Москва','2018-04-30 21:42:10','2018-04-30 21:42:10',NULL),(474,1,2,'testinghuesting zhesting bresting chesting huesting','2018-04-30 21:43:21','2018-04-30 21:43:21',NULL),(475,1,5,'stntsntsns','2018-04-30 21:43:21','2018-04-30 21:43:21',NULL),(476,1,1,'11-4-1989','2018-04-30 21:43:21','2018-04-30 21:43:21',NULL),(477,1,3,'male','2018-04-30 21:43:21','2018-04-30 21:43:21',NULL),(478,1,4,'Москва','2018-04-30 21:43:21','2018-04-30 21:43:21',NULL),(479,1,2,'testinghuesting zhesting bresting chesting huesting','2018-04-30 21:43:57','2018-04-30 21:43:57',NULL),(480,1,5,'stntsntsns','2018-04-30 21:43:57','2018-04-30 21:43:57',NULL),(481,1,1,'11-4-1989','2018-04-30 21:43:57','2018-04-30 21:43:57',NULL),(482,1,3,'male','2018-04-30 21:43:57','2018-04-30 21:43:57',NULL),(483,1,4,'Москва','2018-04-30 21:43:57','2018-04-30 21:43:57',NULL),(484,1,2,'testinghuesting zhesting bresting chesting huesting','2018-04-30 21:44:04','2018-04-30 21:44:04',NULL),(485,1,5,'stntsntsns','2018-04-30 21:44:04','2018-04-30 21:44:04',NULL),(486,1,1,'11-4-1989','2018-04-30 21:44:04','2018-04-30 21:44:04',NULL),(487,1,3,'male','2018-04-30 21:44:04','2018-04-30 21:44:04',NULL),(488,1,4,'Москва','2018-04-30 21:44:04','2018-04-30 21:44:04',NULL),(489,1,2,'testinghuesting zhesting bresting chesting huesting','2018-04-30 21:44:17','2018-04-30 21:44:17',NULL),(490,1,5,'stntsntsns','2018-04-30 21:44:17','2018-04-30 21:44:17',NULL),(491,1,1,'11-4-1989','2018-04-30 21:44:17','2018-04-30 21:44:17',NULL),(492,1,3,'male','2018-04-30 21:44:17','2018-04-30 21:44:17',NULL),(493,1,4,'Москва','2018-04-30 21:44:17','2018-04-30 21:44:17',NULL),(494,1,2,'testinghuesting zhesting bresting chesting huesting','2018-04-30 21:44:25','2018-04-30 21:44:25',NULL),(495,1,5,'stntsntsns','2018-04-30 21:44:25','2018-04-30 21:44:25',NULL),(496,1,1,'11-4-1989','2018-04-30 21:44:25','2018-04-30 21:44:25',NULL),(497,1,3,'male','2018-04-30 21:44:25','2018-04-30 21:44:25',NULL),(498,1,4,'Москва','2018-04-30 21:44:25','2018-04-30 21:44:25',NULL),(499,1,2,'testinghuesting zhesting bresting chesting huesting','2018-04-30 21:46:12','2018-04-30 21:46:12',NULL),(500,1,5,'stntsntsns','2018-04-30 21:46:12','2018-04-30 21:46:12',NULL),(501,1,1,'11-4-1989','2018-04-30 21:46:12','2018-04-30 21:46:12',NULL),(502,1,3,'male','2018-04-30 21:46:12','2018-04-30 21:46:12',NULL),(503,1,4,'Москва','2018-04-30 21:46:12','2018-04-30 21:46:12',NULL),(504,1,2,'testinghuesting zhesting bresting chesting huesting','2018-04-30 21:46:47','2018-04-30 21:46:47',NULL),(505,1,5,'stntsntsns','2018-04-30 21:46:47','2018-04-30 21:46:47',NULL),(506,1,1,'11-4-1989','2018-04-30 21:46:47','2018-04-30 21:46:47',NULL),(507,1,3,'male','2018-04-30 21:46:47','2018-04-30 21:46:47',NULL),(508,1,4,'Москва','2018-04-30 21:46:47','2018-04-30 21:46:47',NULL),(509,1,2,'testinghuesting zhesting bresting chesting huesting','2018-04-30 21:47:38','2018-04-30 21:47:38',NULL),(510,1,5,'stntsntsns','2018-04-30 21:47:38','2018-04-30 21:47:38',NULL),(511,1,1,'11-4-1989','2018-04-30 21:47:38','2018-04-30 21:47:38',NULL),(512,1,3,'male','2018-04-30 21:47:38','2018-04-30 21:47:38',NULL),(513,1,4,'Москва','2018-04-30 21:47:38','2018-04-30 21:47:38',NULL),(514,1,2,'testinghuesting zhesting bresting chesting huesting','2018-04-30 21:48:28','2018-04-30 21:48:28',NULL),(515,1,5,'stntsntsns','2018-04-30 21:48:28','2018-04-30 21:48:28',NULL),(516,1,1,'11-4-1989','2018-04-30 21:48:28','2018-04-30 21:48:28',NULL),(517,1,3,'male','2018-04-30 21:48:28','2018-04-30 21:48:28',NULL),(518,1,4,'Москва','2018-04-30 21:48:28','2018-04-30 21:48:28',NULL),(519,1,2,'testinghuesting zhesting bresting chesting huesting','2018-04-30 21:49:39','2018-04-30 21:49:39',NULL),(520,1,5,'stntsntsns','2018-04-30 21:49:39','2018-04-30 21:49:39',NULL),(521,1,1,'11-4-1989','2018-04-30 21:49:39','2018-04-30 21:49:39',NULL),(522,1,3,'male','2018-04-30 21:49:39','2018-04-30 21:49:39',NULL),(523,1,4,'Москва','2018-04-30 21:49:39','2018-04-30 21:49:39',NULL),(524,1,2,'testinghuesting zhesting bresting chesting huesting','2018-04-30 21:52:28','2018-04-30 21:52:28',NULL),(525,1,5,'stntsntsns','2018-04-30 21:52:28','2018-04-30 21:52:28',NULL),(526,1,1,'11-4-1989','2018-04-30 21:52:28','2018-04-30 21:52:28',NULL),(527,1,3,'male','2018-04-30 21:52:29','2018-04-30 21:52:29',NULL),(528,1,4,'Москва','2018-04-30 21:52:29','2018-04-30 21:52:29',NULL),(529,1,2,'testinghuesting zhesting bresting chesting huesting','2018-04-30 21:53:00','2018-04-30 21:53:00',NULL),(530,1,5,'stntsntsns','2018-04-30 21:53:00','2018-04-30 21:53:00',NULL),(531,1,1,'11-4-1989','2018-04-30 21:53:00','2018-04-30 21:53:00',NULL),(532,1,3,'male','2018-04-30 21:53:00','2018-04-30 21:53:00',NULL),(533,1,4,'Москва','2018-04-30 21:53:00','2018-04-30 21:53:00',NULL),(534,1,2,'testinghuesting zhesting bresting chesting huesting','2018-04-30 21:54:22','2018-04-30 21:54:22',NULL),(535,1,5,'stntsntsns','2018-04-30 21:54:22','2018-04-30 21:54:22',NULL),(536,1,1,'11-4-1989','2018-04-30 21:54:22','2018-04-30 21:54:22',NULL),(537,1,3,'male','2018-04-30 21:54:22','2018-04-30 21:54:22',NULL),(538,1,4,'Москва','2018-04-30 21:54:22','2018-04-30 21:54:22',NULL),(539,1,2,'testinghuesting zhesting bresting chesting huesting','2018-04-30 21:54:25','2018-04-30 21:54:25',NULL),(540,1,5,'stntsntsns','2018-04-30 21:54:25','2018-04-30 21:54:25',NULL),(541,1,1,'11-4-1989','2018-04-30 21:54:25','2018-04-30 21:54:25',NULL),(542,1,3,'male','2018-04-30 21:54:25','2018-04-30 21:54:25',NULL),(543,1,4,'Москва','2018-04-30 21:54:25','2018-04-30 21:54:25',NULL),(544,1,2,'testinghuesting zhesting bresting chesting huesting','2018-04-30 21:54:30','2018-04-30 21:54:30',NULL),(545,1,5,'stntsntsns','2018-04-30 21:54:30','2018-04-30 21:54:30',NULL),(546,1,1,'11-4-1989','2018-04-30 21:54:30','2018-04-30 21:54:30',NULL),(547,1,3,'male','2018-04-30 21:54:30','2018-04-30 21:54:30',NULL),(548,1,4,'Москва','2018-04-30 21:54:30','2018-04-30 21:54:30',NULL),(549,1,2,'testinghuesting zhesting bresting chesting huesting','2018-04-30 21:54:36','2018-04-30 21:54:36',NULL),(550,1,5,'stntsntsns','2018-04-30 21:54:36','2018-04-30 21:54:36',NULL),(551,1,1,'11-4-1989','2018-04-30 21:54:36','2018-04-30 21:54:36',NULL),(552,1,3,'male','2018-04-30 21:54:36','2018-04-30 21:54:36',NULL),(553,1,4,'Москва','2018-04-30 21:54:36','2018-04-30 21:54:36',NULL),(554,1,2,'testinghuesting zhesting bresting chesting huesting','2018-04-30 21:54:56','2018-04-30 21:54:56',NULL),(555,1,5,'stntsntsns','2018-04-30 21:54:56','2018-04-30 21:54:56',NULL),(556,1,1,'11-4-1989','2018-04-30 21:54:56','2018-04-30 21:54:56',NULL),(557,1,3,'male','2018-04-30 21:54:56','2018-04-30 21:54:56',NULL),(558,1,4,'Москва','2018-04-30 21:54:56','2018-04-30 21:54:56',NULL),(559,1,2,'testinghuesting zhesting bresting chesting huesting','2018-04-30 21:55:00','2018-04-30 21:55:00',NULL),(560,1,5,'stntsntsns','2018-04-30 21:55:00','2018-04-30 21:55:00',NULL),(561,1,1,'11-4-1989','2018-04-30 21:55:00','2018-04-30 21:55:00',NULL),(562,1,3,'male','2018-04-30 21:55:00','2018-04-30 21:55:00',NULL),(563,1,4,'Москва','2018-04-30 21:55:00','2018-04-30 21:55:00',NULL),(564,1,2,'testinghuesting zhesting bresting chesting huesting','2018-04-30 21:55:31','2018-04-30 21:55:31',NULL),(565,1,5,'stntsntsns','2018-04-30 21:55:31','2018-04-30 21:55:31',NULL),(566,1,1,'11-4-1989','2018-04-30 21:55:31','2018-04-30 21:55:31',NULL),(567,1,3,'male','2018-04-30 21:55:31','2018-04-30 21:55:31',NULL),(568,1,4,'Москва','2018-04-30 21:55:31','2018-04-30 21:55:31',NULL),(569,1,2,'testinghuesting zhesting bresting chesting huesting','2018-04-30 21:55:33','2018-04-30 21:55:33',NULL),(570,1,5,'stntsntsns','2018-04-30 21:55:33','2018-04-30 21:55:33',NULL),(571,1,1,'11-4-1989','2018-04-30 21:55:33','2018-04-30 21:55:33',NULL),(572,1,3,'male','2018-04-30 21:55:33','2018-04-30 21:55:33',NULL),(573,1,4,'Москва','2018-04-30 21:55:33','2018-04-30 21:55:33',NULL),(574,1,2,'testinghuesting zhesting bresting chesting huesting','2018-04-30 21:55:34','2018-04-30 21:55:34',NULL),(575,1,5,'stntsntsns','2018-04-30 21:55:34','2018-04-30 21:55:34',NULL),(576,1,1,'11-4-1989','2018-04-30 21:55:34','2018-04-30 21:55:34',NULL),(577,1,3,'male','2018-04-30 21:55:34','2018-04-30 21:55:34',NULL),(578,1,4,'Москва','2018-04-30 21:55:34','2018-04-30 21:55:34',NULL),(579,1,2,'testinghuesting zhesting bresting chesting huesting','2018-04-30 21:55:42','2018-04-30 21:55:42',NULL),(580,1,5,'stntsntsns','2018-04-30 21:55:42','2018-04-30 21:55:42',NULL),(581,1,1,'11-4-1989','2018-04-30 21:55:42','2018-04-30 21:55:42',NULL),(582,1,3,'male','2018-04-30 21:55:42','2018-04-30 21:55:42',NULL),(583,1,4,'Москва','2018-04-30 21:55:42','2018-04-30 21:55:42',NULL),(584,1,2,'testinghuesting zhesting bresting chesting huesting','2018-04-30 21:55:49','2018-04-30 21:55:49',NULL),(585,1,5,'stntsntsns','2018-04-30 21:55:49','2018-04-30 21:55:49',NULL),(586,1,1,'11-4-1989','2018-04-30 21:55:49','2018-04-30 21:55:49',NULL),(587,1,3,'male','2018-04-30 21:55:49','2018-04-30 21:55:49',NULL),(588,1,4,'Москва','2018-04-30 21:55:49','2018-04-30 21:55:49',NULL),(589,1,2,'testinghuesting zhesting bresting chesting huesting','2018-04-30 21:55:50','2018-04-30 21:55:50',NULL),(590,1,5,'stntsntsns','2018-04-30 21:55:50','2018-04-30 21:55:50',NULL),(591,1,1,'11-4-1989','2018-04-30 21:55:50','2018-04-30 21:55:50',NULL),(592,1,3,'male','2018-04-30 21:55:50','2018-04-30 21:55:50',NULL),(593,1,4,'Москва','2018-04-30 21:55:50','2018-04-30 21:55:50',NULL),(594,1,2,'testinghuesting zhesting bresting chesting huesting','2018-04-30 21:57:03','2018-04-30 21:57:03',NULL),(595,1,5,'stntsntsns','2018-04-30 21:57:03','2018-04-30 21:57:03',NULL),(596,1,1,'11-4-1989','2018-04-30 21:57:03','2018-04-30 21:57:03',NULL),(597,1,3,'male','2018-04-30 21:57:03','2018-04-30 21:57:03',NULL),(598,1,4,'Москва','2018-04-30 21:57:03','2018-04-30 21:57:03',NULL),(599,1,2,'testinghuesting zhesting bresting chesting huesting','2018-04-30 21:57:45','2018-04-30 21:57:45',NULL),(600,1,5,'stntsntsns','2018-04-30 21:57:45','2018-04-30 21:57:45',NULL),(601,1,1,'11-4-1989','2018-04-30 21:57:45','2018-04-30 21:57:45',NULL),(602,1,3,'male','2018-04-30 21:57:45','2018-04-30 21:57:45',NULL),(603,1,4,'Москва','2018-04-30 21:57:45','2018-04-30 21:57:45',NULL),(604,1,2,'testinghuesting zhesting bresting chesting huesting','2018-04-30 22:00:12','2018-04-30 22:00:12',NULL),(605,1,5,'stntsntsns','2018-04-30 22:00:12','2018-04-30 22:00:12',NULL),(606,1,1,'11-4-1989','2018-04-30 22:00:12','2018-04-30 22:00:12',NULL),(607,1,3,'male','2018-04-30 22:00:12','2018-04-30 22:00:12',NULL),(608,1,4,'Москва','2018-04-30 22:00:12','2018-04-30 22:00:12',NULL),(609,1,2,'testinghuesting zhesting bresting chesting huesting','2018-04-30 22:00:44','2018-04-30 22:00:44',NULL),(610,1,5,'stntsntsns','2018-04-30 22:00:44','2018-04-30 22:00:44',NULL),(611,1,1,'11-4-1989','2018-04-30 22:00:44','2018-04-30 22:00:44',NULL),(612,1,3,'male','2018-04-30 22:00:44','2018-04-30 22:00:44',NULL),(613,1,4,'Москва','2018-04-30 22:00:44','2018-04-30 22:00:44',NULL),(614,1,2,'testinghuesting zhesting bresting chesting huesting','2018-04-30 22:02:22','2018-04-30 22:02:22',NULL),(615,1,5,'stntsntsns','2018-04-30 22:02:22','2018-04-30 22:02:22',NULL),(616,1,1,'11-4-1989','2018-04-30 22:02:22','2018-04-30 22:02:22',NULL),(617,1,3,'male','2018-04-30 22:02:22','2018-04-30 22:02:22',NULL),(618,1,4,'Москва','2018-04-30 22:02:22','2018-04-30 22:02:22',NULL),(619,1,2,'testinghuesting zhesting bresting chesting huesting','2018-04-30 22:02:34','2018-04-30 22:02:34',NULL),(620,1,5,'stntsntsns','2018-04-30 22:02:34','2018-04-30 22:02:34',NULL),(621,1,1,'11-4-1989','2018-04-30 22:02:34','2018-04-30 22:02:34',NULL),(622,1,3,'male','2018-04-30 22:02:34','2018-04-30 22:02:34',NULL),(623,1,4,'Москва','2018-04-30 22:02:34','2018-04-30 22:02:34',NULL),(624,1,2,'testinghuesting zhesting bresting chesting huesting','2018-04-30 22:02:47','2018-04-30 22:02:47',NULL),(625,1,5,'stntsntsns','2018-04-30 22:02:47','2018-04-30 22:02:47',NULL),(626,1,1,'11-4-1989','2018-04-30 22:02:47','2018-04-30 22:02:47',NULL),(627,1,3,'male','2018-04-30 22:02:47','2018-04-30 22:02:47',NULL),(628,1,4,'Москва','2018-04-30 22:02:47','2018-04-30 22:02:47',NULL),(629,1,2,'testinghuesting zhesting bresting chesting huesting','2018-04-30 22:02:55','2018-04-30 22:02:55',NULL),(630,1,5,'stntsntsns','2018-04-30 22:02:55','2018-04-30 22:02:55',NULL),(631,1,1,'11-4-1989','2018-04-30 22:02:55','2018-04-30 22:02:55',NULL),(632,1,3,'male','2018-04-30 22:02:55','2018-04-30 22:02:55',NULL),(633,1,4,'Москва','2018-04-30 22:02:55','2018-04-30 22:02:55',NULL),(634,1,2,'testinghuesting zhesting bresting chesting huesting','2018-04-30 22:05:02','2018-04-30 22:05:02',NULL),(635,1,5,'stntsntsns','2018-04-30 22:05:02','2018-04-30 22:05:02',NULL),(636,1,1,'11-4-1989','2018-04-30 22:05:02','2018-04-30 22:05:02',NULL),(637,1,3,'male','2018-04-30 22:05:02','2018-04-30 22:05:02',NULL),(638,1,4,'Москва','2018-04-30 22:05:02','2018-04-30 22:05:02',NULL),(639,1,2,'testinghuesting zhesting bresting chesting huesting','2018-04-30 22:06:25','2018-04-30 22:06:25',NULL),(640,1,5,'stntsntsns','2018-04-30 22:06:25','2018-04-30 22:06:25',NULL),(641,1,1,'11-4-1989','2018-04-30 22:06:25','2018-04-30 22:06:25',NULL),(642,1,3,'male','2018-04-30 22:06:25','2018-04-30 22:06:25',NULL),(643,1,4,'Москва','2018-04-30 22:06:25','2018-04-30 22:06:25',NULL),(644,1,2,'testinghuesting zhesting bresting chesting huesting','2018-04-30 22:08:39','2018-04-30 22:08:39',NULL),(645,1,5,'stntsntsns','2018-04-30 22:08:39','2018-04-30 22:08:39',NULL),(646,1,1,'11-4-1989','2018-04-30 22:08:39','2018-04-30 22:08:39',NULL),(647,1,3,'male','2018-04-30 22:08:39','2018-04-30 22:08:39',NULL),(648,1,4,'Москва','2018-04-30 22:08:39','2018-04-30 22:08:39',NULL),(649,1,2,'testinghuesting zhesting bresting chesting huesting','2018-04-30 22:09:08','2018-04-30 22:09:08',NULL),(650,1,5,'stntsntsns','2018-04-30 22:09:08','2018-04-30 22:09:08',NULL),(651,1,1,'11-4-1989','2018-04-30 22:09:08','2018-04-30 22:09:08',NULL),(652,1,3,'male','2018-04-30 22:09:08','2018-04-30 22:09:08',NULL),(653,1,4,'Москва','2018-04-30 22:09:08','2018-04-30 22:09:08',NULL),(654,1,2,'testinghuesting zhesting bresting chesting huesting','2018-04-30 22:09:17','2018-04-30 22:09:17',NULL),(655,1,5,'stntsntsns','2018-04-30 22:09:17','2018-04-30 22:09:17',NULL),(656,1,1,'11-4-1989','2018-04-30 22:09:17','2018-04-30 22:09:17',NULL),(657,1,3,'male','2018-04-30 22:09:17','2018-04-30 22:09:17',NULL),(658,1,4,'Москва','2018-04-30 22:09:17','2018-04-30 22:09:17',NULL),(659,1,2,'testinghuesting zhesting bresting chesting huesting','2018-04-30 22:09:38','2018-04-30 22:09:38',NULL),(660,1,5,'stntsntsns','2018-04-30 22:09:38','2018-04-30 22:09:38',NULL),(661,1,1,'11-4-1989','2018-04-30 22:09:38','2018-04-30 22:09:38',NULL),(662,1,3,'male','2018-04-30 22:09:38','2018-04-30 22:09:38',NULL),(663,1,4,'Москва','2018-04-30 22:09:38','2018-04-30 22:09:38',NULL),(664,1,2,'testinghuesting zhesting bresting chesting huesting','2018-04-30 22:10:08','2018-04-30 22:10:08',NULL),(665,1,5,'stntsntsns','2018-04-30 22:10:08','2018-04-30 22:10:08',NULL),(666,1,1,'11-4-1989','2018-04-30 22:10:08','2018-04-30 22:10:08',NULL),(667,1,3,'male','2018-04-30 22:10:08','2018-04-30 22:10:08',NULL),(668,1,4,'Москва','2018-04-30 22:10:08','2018-04-30 22:10:08',NULL),(669,1,2,'testinghuesting zhesting bresting chesting huesting','2018-04-30 22:10:19','2018-04-30 22:10:19',NULL),(670,1,5,'stntsntsns','2018-04-30 22:10:19','2018-04-30 22:10:19',NULL),(671,1,1,'11-4-1989','2018-04-30 22:10:19','2018-04-30 22:10:19',NULL),(672,1,3,'male','2018-04-30 22:10:19','2018-04-30 22:10:19',NULL),(673,1,4,'Москва','2018-04-30 22:10:19','2018-04-30 22:10:19',NULL),(674,1,2,'testinghuesting zhesting bresting chesting huesting','2018-04-30 22:11:06','2018-04-30 22:11:06',NULL),(675,1,5,'stntsntsns','2018-04-30 22:11:06','2018-04-30 22:11:06',NULL),(676,1,1,'11-4-1989','2018-04-30 22:11:06','2018-04-30 22:11:06',NULL),(677,1,3,'male','2018-04-30 22:11:06','2018-04-30 22:11:06',NULL),(678,1,4,'Москва','2018-04-30 22:11:06','2018-04-30 22:11:06',NULL),(679,1,2,'testinghuesting zhesting bresting chesting huesting','2018-04-30 22:11:39','2018-04-30 22:11:39',NULL),(680,1,5,'stntsntsns','2018-04-30 22:11:39','2018-04-30 22:11:39',NULL),(681,1,1,'11-4-1989','2018-04-30 22:11:39','2018-04-30 22:11:39',NULL),(682,1,3,'male','2018-04-30 22:11:39','2018-04-30 22:11:39',NULL),(683,1,4,'Москва','2018-04-30 22:11:39','2018-04-30 22:11:39',NULL),(684,1,2,'testinghuesting zhesting bresting chesting huesting','2018-04-30 22:13:16','2018-04-30 22:13:16',NULL),(685,1,5,'stntsntsns','2018-04-30 22:13:16','2018-04-30 22:13:16',NULL),(686,1,1,'11-4-1989','2018-04-30 22:13:16','2018-04-30 22:13:16',NULL),(687,1,3,'male','2018-04-30 22:13:16','2018-04-30 22:13:16',NULL),(688,1,4,'Москва','2018-04-30 22:13:16','2018-04-30 22:13:16',NULL),(689,1,2,'testinghuesting zhesting bresting chesting huesting','2018-04-30 22:13:26','2018-04-30 22:13:26',NULL),(690,1,5,'stntsntsns','2018-04-30 22:13:26','2018-04-30 22:13:26',NULL),(691,1,1,'11-4-1989','2018-04-30 22:13:26','2018-04-30 22:13:26',NULL),(692,1,3,'male','2018-04-30 22:13:26','2018-04-30 22:13:26',NULL),(693,1,4,'Москва','2018-04-30 22:13:26','2018-04-30 22:13:26',NULL),(694,1,2,'testinghuesting zhesting bresting chesting huesting','2018-04-30 22:13:56','2018-04-30 22:13:56',NULL),(695,1,5,'stntsntsns','2018-04-30 22:13:56','2018-04-30 22:13:56',NULL),(696,1,1,'11-4-1989','2018-04-30 22:13:56','2018-04-30 22:13:56',NULL),(697,1,3,'male','2018-04-30 22:13:56','2018-04-30 22:13:56',NULL),(698,1,4,'Москва','2018-04-30 22:13:56','2018-04-30 22:13:56',NULL),(699,1,2,'testinghuesting zhesting bresting chesting huesting','2018-04-30 22:14:10','2018-04-30 22:14:10',NULL),(700,1,5,'stntsntsns','2018-04-30 22:14:10','2018-04-30 22:14:10',NULL),(701,1,1,'11-4-1989','2018-04-30 22:14:10','2018-04-30 22:14:10',NULL),(702,1,3,'male','2018-04-30 22:14:10','2018-04-30 22:14:10',NULL),(703,1,4,'Москва','2018-04-30 22:14:10','2018-04-30 22:14:10',NULL),(704,1,2,'testinghuesting zhesting bresting chesting huesting','2018-04-30 22:14:15','2018-04-30 22:14:15',NULL),(705,1,5,'stntsntsns','2018-04-30 22:14:15','2018-04-30 22:14:15',NULL),(706,1,1,'11-4-1989','2018-04-30 22:14:15','2018-04-30 22:14:15',NULL),(707,1,3,'male','2018-04-30 22:14:15','2018-04-30 22:14:15',NULL),(708,1,4,'Москва','2018-04-30 22:14:15','2018-04-30 22:14:15',NULL),(709,1,2,'testinghuesting zhesting bresting chesting huesting','2018-04-30 22:15:25','2018-04-30 22:15:25',NULL),(710,1,5,'stntsntsns','2018-04-30 22:15:25','2018-04-30 22:15:25',NULL),(711,1,1,'11-4-1989','2018-04-30 22:15:25','2018-04-30 22:15:25',NULL),(712,1,3,'male','2018-04-30 22:15:25','2018-04-30 22:15:25',NULL),(713,1,4,'Москва','2018-04-30 22:15:25','2018-04-30 22:15:25',NULL),(714,1,2,'testinghuesting zhesting bresting chesting huesting','2018-04-30 22:16:08','2018-04-30 22:16:08',NULL),(715,1,5,'stntsntsns','2018-04-30 22:16:08','2018-04-30 22:16:08',NULL),(716,1,1,'11-4-1989','2018-04-30 22:16:08','2018-04-30 22:16:08',NULL),(717,1,3,'male','2018-04-30 22:16:08','2018-04-30 22:16:08',NULL),(718,1,4,'Москва','2018-04-30 22:16:08','2018-04-30 22:16:08',NULL),(719,1,2,'testinghuesting zhesting bresting chesting huesting','2018-04-30 22:16:26','2018-04-30 22:16:26',NULL),(720,1,5,'stntsntsns','2018-04-30 22:16:26','2018-04-30 22:16:26',NULL),(721,1,1,'11-4-1989','2018-04-30 22:16:26','2018-04-30 22:16:26',NULL),(722,1,3,'male','2018-04-30 22:16:26','2018-04-30 22:16:26',NULL),(723,1,4,'Москва','2018-04-30 22:16:26','2018-04-30 22:16:26',NULL),(724,1,2,'testinghuesting zhesting bresting chesting huesting','2018-04-30 22:17:00','2018-04-30 22:17:00',NULL),(725,1,5,'stntsntsns','2018-04-30 22:17:00','2018-04-30 22:17:00',NULL),(726,1,1,'11-4-1989','2018-04-30 22:17:00','2018-04-30 22:17:00',NULL),(727,1,3,'male','2018-04-30 22:17:00','2018-04-30 22:17:00',NULL),(728,1,4,'Москва','2018-04-30 22:17:00','2018-04-30 22:17:00',NULL),(729,1,2,'testinghuesting zhesting bresting chesting huesting','2018-04-30 22:17:03','2018-04-30 22:17:03',NULL),(730,1,5,'stntsntsns','2018-04-30 22:17:03','2018-04-30 22:17:03',NULL),(731,1,1,'11-4-1989','2018-04-30 22:17:03','2018-04-30 22:17:03',NULL),(732,1,3,'male','2018-04-30 22:17:03','2018-04-30 22:17:03',NULL),(733,1,4,'Москва','2018-04-30 22:17:03','2018-04-30 22:17:03',NULL),(734,1,2,'testinghuesting zhesting bresting chesting huesting','2018-04-30 22:17:09','2018-04-30 22:17:09',NULL),(735,1,5,'stntsntsns','2018-04-30 22:17:09','2018-04-30 22:17:09',NULL),(736,1,1,'11-4-1989','2018-04-30 22:17:09','2018-04-30 22:17:09',NULL),(737,1,3,'male','2018-04-30 22:17:09','2018-04-30 22:17:09',NULL),(738,1,4,'Москва','2018-04-30 22:17:09','2018-04-30 22:17:09',NULL),(739,1,2,'testinghuesting zhesting bresting chesting huesting','2018-04-30 22:17:13','2018-04-30 22:17:13',NULL),(740,1,5,'stntsntsns','2018-04-30 22:17:13','2018-04-30 22:17:13',NULL),(741,1,1,'11-4-1989','2018-04-30 22:17:13','2018-04-30 22:17:13',NULL),(742,1,3,'male','2018-04-30 22:17:13','2018-04-30 22:17:13',NULL),(743,1,4,'Москва','2018-04-30 22:17:13','2018-04-30 22:17:13',NULL),(744,1,2,'testinghuesting zhesting bresting chesting huesting','2018-04-30 22:17:35','2018-04-30 22:17:35',NULL),(745,1,5,'stntsntsns','2018-04-30 22:17:35','2018-04-30 22:17:35',NULL),(746,1,1,'11-4-1989','2018-04-30 22:17:35','2018-04-30 22:17:35',NULL),(747,1,3,'male','2018-04-30 22:17:35','2018-04-30 22:17:35',NULL),(748,1,4,'Москва','2018-04-30 22:17:35','2018-04-30 22:17:35',NULL),(749,1,2,'testinghuesting zhesting bresting chesting huesting','2018-04-30 22:17:42','2018-04-30 22:17:42',NULL),(750,1,5,'stntsntsns','2018-04-30 22:17:42','2018-04-30 22:17:42',NULL),(751,1,1,'11-4-1989','2018-04-30 22:17:42','2018-04-30 22:17:42',NULL),(752,1,3,'male','2018-04-30 22:17:42','2018-04-30 22:17:42',NULL),(753,1,4,'Москва','2018-04-30 22:17:42','2018-04-30 22:17:42',NULL),(754,1,2,'testinghuesting zhesting bresting chesting huesting','2018-05-02 07:42:22','2018-05-02 07:42:22',NULL),(755,1,5,'stntsntsns','2018-05-02 07:42:22','2018-05-02 07:42:22',NULL),(756,1,1,'11-4-1989','2018-05-02 07:42:22','2018-05-02 07:42:22',NULL),(757,1,3,'male','2018-05-02 07:42:22','2018-05-02 07:42:22',NULL),(758,1,4,'Москва','2018-05-02 07:42:22','2018-05-02 07:42:22',NULL),(759,1,2,'testinghuesting zhesting bresting chesting huesting','2018-05-02 07:42:33','2018-05-02 07:42:33',NULL),(760,1,5,'stntsntsns','2018-05-02 07:42:34','2018-05-02 07:42:34',NULL),(761,1,1,'11-4-1989','2018-05-02 07:42:34','2018-05-02 07:42:34',NULL),(762,1,3,'male','2018-05-02 07:42:34','2018-05-02 07:42:34',NULL),(763,1,4,'Москва','2018-05-02 07:42:34','2018-05-02 07:42:34',NULL),(764,1,2,'testinghuesting zhesting bresting chesting huesting','2018-05-02 08:21:26','2018-05-02 08:21:26',NULL),(765,1,5,'stntsntsns','2018-05-02 08:21:26','2018-05-02 08:21:26',NULL),(766,1,1,'11-4-1989','2018-05-02 08:21:26','2018-05-02 08:21:26',NULL),(767,1,3,'male','2018-05-02 08:21:26','2018-05-02 08:21:26',NULL),(768,1,4,'Москва','2018-05-02 08:21:26','2018-05-02 08:21:26',NULL),(769,1,2,'testinghuesting zhesting bresting chesting huesting','2018-05-02 08:21:27','2018-05-02 08:21:27',NULL),(770,1,5,'stntsntsns','2018-05-02 08:21:27','2018-05-02 08:21:27',NULL),(771,1,1,'11-4-1989','2018-05-02 08:21:27','2018-05-02 08:21:27',NULL),(772,1,3,'male','2018-05-02 08:21:27','2018-05-02 08:21:27',NULL),(773,1,4,'Москва','2018-05-02 08:21:27','2018-05-02 08:21:27',NULL),(774,1,2,'testinghuesting zhesting bresting chesting huesting','2018-05-02 08:21:40','2018-05-02 08:21:40',NULL),(775,1,5,'stntsntsns','2018-05-02 08:21:40','2018-05-02 08:21:40',NULL),(776,1,1,'11-4-1989','2018-05-02 08:21:40','2018-05-02 08:21:40',NULL),(777,1,3,'male','2018-05-02 08:21:40','2018-05-02 08:21:40',NULL),(778,1,4,'Москва','2018-05-02 08:21:40','2018-05-02 08:21:40',NULL),(779,1,2,'testinghuesting zhesting bresting chesting huesting','2018-05-02 08:21:45','2018-05-02 08:21:45',NULL),(780,1,5,'stntsntsns','2018-05-02 08:21:45','2018-05-02 08:21:45',NULL),(781,1,1,'11-4-1989','2018-05-02 08:21:45','2018-05-02 08:21:45',NULL),(782,1,3,'male','2018-05-02 08:21:45','2018-05-02 08:21:45',NULL),(783,1,4,'Москва','2018-05-02 08:21:45','2018-05-02 08:21:45',NULL),(784,1,2,'testinghuesting zhesting bresting chesting huesting','2018-05-02 08:21:50','2018-05-02 08:21:50',NULL),(785,1,5,'stntsntsns','2018-05-02 08:21:50','2018-05-02 08:21:50',NULL),(786,1,1,'11-4-1989','2018-05-02 08:21:50','2018-05-02 08:21:50',NULL),(787,1,3,'male','2018-05-02 08:21:50','2018-05-02 08:21:50',NULL),(788,1,4,'Москва','2018-05-02 08:21:50','2018-05-02 08:21:50',NULL),(789,1,2,'testinghuesting zhesting bresting chesting huesting','2018-05-02 08:21:50','2018-05-02 08:21:50',NULL),(790,1,5,'stntsntsns','2018-05-02 08:21:50','2018-05-02 08:21:50',NULL),(791,1,1,'11-4-1989','2018-05-02 08:21:50','2018-05-02 08:21:50',NULL),(792,1,3,'male','2018-05-02 08:21:50','2018-05-02 08:21:50',NULL),(793,1,4,'Москва','2018-05-02 08:21:50','2018-05-02 08:21:50',NULL),(794,1,2,'testinghuesting zhesting bresting chesting huesting','2018-05-02 08:22:25','2018-05-02 08:22:25',NULL),(795,1,5,'stntsntsns','2018-05-02 08:22:25','2018-05-02 08:22:25',NULL),(796,1,1,'11-4-1989','2018-05-02 08:22:25','2018-05-02 08:22:25',NULL),(797,1,3,'male','2018-05-02 08:22:25','2018-05-02 08:22:25',NULL),(798,1,4,'Москва','2018-05-02 08:22:25','2018-05-02 08:22:25',NULL),(799,1,2,'testinghuesting zhesting bresting chesting huesting','2018-05-02 08:22:33','2018-05-02 08:22:33',NULL),(800,1,5,'stntsntsns','2018-05-02 08:22:33','2018-05-02 08:22:33',NULL),(801,1,1,'11-4-1989','2018-05-02 08:22:33','2018-05-02 08:22:33',NULL),(802,1,3,'male','2018-05-02 08:22:33','2018-05-02 08:22:33',NULL),(803,1,4,'Москва','2018-05-02 08:22:33','2018-05-02 08:22:33',NULL),(804,1,2,'testinghuesting zhesting bresting chesting huesting','2018-05-02 08:22:35','2018-05-02 08:22:35',NULL),(805,1,5,'stntsntsns','2018-05-02 08:22:35','2018-05-02 08:22:35',NULL),(806,1,1,'11-4-1989','2018-05-02 08:22:35','2018-05-02 08:22:35',NULL),(807,1,3,'male','2018-05-02 08:22:35','2018-05-02 08:22:35',NULL),(808,1,4,'Москва','2018-05-02 08:22:35','2018-05-02 08:22:35',NULL),(809,1,2,'testinghuesting zhesting bresting chesting huesting','2018-05-02 08:22:37','2018-05-02 08:22:37',NULL),(810,1,5,'stntsntsns','2018-05-02 08:22:37','2018-05-02 08:22:37',NULL),(811,1,1,'11-4-1989','2018-05-02 08:22:37','2018-05-02 08:22:37',NULL),(812,1,3,'male','2018-05-02 08:22:37','2018-05-02 08:22:37',NULL),(813,1,4,'Москва','2018-05-02 08:22:37','2018-05-02 08:22:37',NULL),(814,1,2,'testinghuesting zhesting bresting chesting huesting','2018-05-02 08:22:42','2018-05-02 08:22:42',NULL),(815,1,5,'stntsntsns','2018-05-02 08:22:42','2018-05-02 08:22:42',NULL),(816,1,1,'11-4-1989','2018-05-02 08:22:42','2018-05-02 08:22:42',NULL),(817,1,3,'male','2018-05-02 08:22:42','2018-05-02 08:22:42',NULL),(818,1,4,'Москва','2018-05-02 08:22:42','2018-05-02 08:22:42',NULL),(819,1,2,'testinghuesting zhesting bresting chesting huesting','2018-05-02 08:22:42','2018-05-02 08:22:42',NULL),(820,1,5,'stntsntsns','2018-05-02 08:22:42','2018-05-02 08:22:42',NULL),(821,1,1,'11-4-1989','2018-05-02 08:22:42','2018-05-02 08:22:42',NULL),(822,1,3,'male','2018-05-02 08:22:42','2018-05-02 08:22:42',NULL),(823,1,4,'Москва','2018-05-02 08:22:42','2018-05-02 08:22:42',NULL),(824,17,1,'1-1-1940','2018-05-02 08:32:18','2018-05-02 08:32:18',NULL),(825,17,2,'testinghuesitng','2018-05-02 08:32:18','2018-05-02 08:32:18',NULL),(826,17,3,'male','2018-05-02 08:32:18','2018-05-02 08:32:18',NULL),(827,17,4,'Москва','2018-05-02 08:32:18','2018-05-02 08:32:18',NULL),(828,17,1,'1-1-1940','2018-05-02 08:32:19','2018-05-02 08:32:19',NULL),(829,17,2,'testinghuesitng','2018-05-02 08:32:19','2018-05-02 08:32:19',NULL),(830,17,3,'male','2018-05-02 08:32:19','2018-05-02 08:32:19',NULL),(831,17,4,'Москва','2018-05-02 08:32:19','2018-05-02 08:32:19',NULL),(832,17,1,'1-1-1940','2018-05-02 08:32:23','2018-05-02 08:32:23',NULL),(833,17,2,'testinghuesitng','2018-05-02 08:32:23','2018-05-02 08:32:23',NULL),(834,17,3,'male','2018-05-02 08:32:23','2018-05-02 08:32:23',NULL),(835,17,4,'Москва','2018-05-02 08:32:23','2018-05-02 08:32:23',NULL),(836,17,1,'1-1-1940','2018-05-02 08:32:27','2018-05-02 08:32:27',NULL),(837,17,2,'testinghuesitng','2018-05-02 08:32:27','2018-05-02 08:32:27',NULL),(838,17,3,'male','2018-05-02 08:32:27','2018-05-02 08:32:27',NULL),(839,17,4,'Москва','2018-05-02 08:32:27','2018-05-02 08:32:27',NULL),(840,17,1,'1-1-1940','2018-05-02 08:32:27','2018-05-02 08:32:27',NULL),(841,17,2,'testinghuesitng','2018-05-02 08:32:27','2018-05-02 08:32:27',NULL),(842,17,3,'male','2018-05-02 08:32:27','2018-05-02 08:32:27',NULL),(843,17,4,'Москва','2018-05-02 08:32:27','2018-05-02 08:32:27',NULL),(844,18,1,'1-1-1940','2018-05-02 09:26:59','2018-05-02 09:26:59',NULL),(845,18,2,'testinhguesting@testanoseateosan.ru','2018-05-02 09:26:59','2018-05-02 09:26:59',NULL),(846,18,3,'male','2018-05-02 09:26:59','2018-05-02 09:26:59',NULL),(847,18,4,'Москва','2018-05-02 09:26:59','2018-05-02 09:26:59',NULL),(848,18,1,'1-1-1940','2018-05-02 09:26:59','2018-05-02 09:26:59',NULL),(849,18,2,'testinhguesting@testanoseateosan.ru','2018-05-02 09:26:59','2018-05-02 09:26:59',NULL),(850,18,3,'male','2018-05-02 09:26:59','2018-05-02 09:26:59',NULL),(851,18,4,'Москва','2018-05-02 09:26:59','2018-05-02 09:26:59',NULL),(852,18,1,'1-1-1940','2018-05-02 09:27:58','2018-05-02 09:27:58',NULL),(853,18,2,'testinhguesting@testanoseateosan.ru','2018-05-02 09:27:58','2018-05-02 09:27:58',NULL),(854,18,3,'male','2018-05-02 09:27:58','2018-05-02 09:27:58',NULL),(855,18,4,'Москва','2018-05-02 09:27:58','2018-05-02 09:27:58',NULL),(856,1,2,'testinghuesting zhesting bresting chesting huesting','2018-05-02 13:05:28','2018-05-02 13:05:28',NULL),(857,1,5,'stntsntsns','2018-05-02 13:05:28','2018-05-02 13:05:28',NULL),(858,1,1,'11-4-1989','2018-05-02 13:05:28','2018-05-02 13:05:28',NULL),(859,1,3,'male','2018-05-02 13:05:28','2018-05-02 13:05:28',NULL),(860,1,4,'Москва','2018-05-02 13:05:28','2018-05-02 13:05:28',NULL),(861,1,2,'testinghuesting zhesting bresting chesting huesting','2018-05-02 13:06:00','2018-05-02 13:06:00',NULL),(862,1,5,'stntsntsns','2018-05-02 13:06:00','2018-05-02 13:06:00',NULL),(863,1,1,'11-4-1989','2018-05-02 13:06:00','2018-05-02 13:06:00',NULL),(864,1,3,'male','2018-05-02 13:06:00','2018-05-02 13:06:00',NULL),(865,1,4,'Москва','2018-05-02 13:06:00','2018-05-02 13:06:00',NULL),(866,1,2,'testinghuesting zhesting bresting chesting huesting','2018-05-02 13:06:04','2018-05-02 13:06:04',NULL),(867,1,5,'stntsntsns','2018-05-02 13:06:04','2018-05-02 13:06:04',NULL),(868,1,1,'11-4-1989','2018-05-02 13:06:04','2018-05-02 13:06:04',NULL),(869,1,3,'male','2018-05-02 13:06:04','2018-05-02 13:06:04',NULL),(870,1,4,'Москва','2018-05-02 13:06:04','2018-05-02 13:06:04',NULL),(871,1,2,'testinghuesting zhesting bresting chesting huesting','2018-05-02 13:06:05','2018-05-02 13:06:05',NULL),(872,1,5,'stntsntsns','2018-05-02 13:06:05','2018-05-02 13:06:05',NULL),(873,1,1,'11-4-1989','2018-05-02 13:06:05','2018-05-02 13:06:05',NULL),(874,1,3,'male','2018-05-02 13:06:05','2018-05-02 13:06:05',NULL),(875,1,4,'Москва','2018-05-02 13:06:05','2018-05-02 13:06:05',NULL),(876,1,2,'testinghuesting zhesting bresting chesting huesting','2018-05-02 13:21:18','2018-05-02 13:21:18',NULL),(877,1,5,'stntsntsns','2018-05-02 13:21:18','2018-05-02 13:21:18',NULL),(878,1,1,'11-4-1989','2018-05-02 13:21:18','2018-05-02 13:21:18',NULL),(879,1,3,'male','2018-05-02 13:21:18','2018-05-02 13:21:18',NULL),(880,1,4,'Москва','2018-05-02 13:21:18','2018-05-02 13:21:18',NULL);
/*!40000 ALTER TABLE `user_attribute_value` ENABLE KEYS */;
UNLOCK TABLES;

--
-- Table structure for table `user_attributes`
--

DROP TABLE IF EXISTS `user_attributes`;
/*!40101 SET @saved_cs_client     = @@character_set_client */;
/*!40101 SET character_set_client = utf8 */;
CREATE TABLE `user_attributes` (
  `id` int(10) unsigned NOT NULL AUTO_INCREMENT,
  `backend_name` varchar(255) COLLATE utf8mb4_unicode_ci NOT NULL,
  `frontend_name` varchar(255) COLLATE utf8mb4_unicode_ci NOT NULL,
  `key` varchar(255) COLLATE utf8mb4_unicode_ci NOT NULL,
  `frontend_edit_type` varchar(255) COLLATE utf8mb4_unicode_ci NOT NULL,
  `description` text COLLATE utf8mb4_unicode_ci DEFAULT NULL,
  `show_in_frontend` int(11) NOT NULL,
  `show_in_anketa` int(11) NOT NULL,
  `filterable` int(11) NOT NULL,
  `show_in_filters` int(11) NOT NULL,
  `is_system` int(11) NOT NULL,
  `created_at` timestamp NULL DEFAULT NULL,
  `updated_at` timestamp NULL DEFAULT NULL,
  `deleted_at` timestamp NULL DEFAULT NULL,
  `show_in_registration` int(11) NOT NULL,
  PRIMARY KEY (`id`)
) ENGINE=InnoDB AUTO_INCREMENT=7 DEFAULT CHARSET=utf8mb4 COLLATE=utf8mb4_unicode_ci;
/*!40101 SET character_set_client = @saved_cs_client */;

--
-- Dumping data for table `user_attributes`
--

LOCK TABLES `user_attributes` WRITE;
/*!40000 ALTER TABLE `user_attributes` DISABLE KEYS */;
INSERT INTO `user_attributes` VALUES (1,'Birth day','День рождения','birth_day','text','День рождения в формате дд.мм.гггг или дд-мм-год',0,0,1,0,1,'2018-01-27 15:16:00','2018-02-03 12:07:45',NULL,0),(2,'About me','Обо мне','about_me','textarea','Кратко обо мне',1,1,1,0,0,'2018-01-27 15:53:31','2018-02-03 12:08:05',NULL,1),(3,'Пол','Пол','sex','select',NULL,1,1,1,1,0,'2018-01-27 15:55:20','2018-01-27 15:55:20',NULL,1),(4,'Город','Город','city','select','Укажите ваш город, пожалуйста указывайте ближайший к вам город',1,1,1,1,0,'2018-02-28 16:59:53','2018-04-24 11:24:04',NULL,1),(5,'Hello','Приветствие','hello','text','Приветствие',0,1,0,0,0,'2018-04-15 10:39:58','2018-04-15 10:39:58',NULL,0),(6,'online','online','online','text','onlie',0,0,0,0,1,'2018-04-24 11:13:03','2018-04-24 11:13:03',NULL,0);
/*!40000 ALTER TABLE `user_attributes` ENABLE KEYS */;
UNLOCK TABLES;

--
-- Table structure for table `user_block_list`
--

DROP TABLE IF EXISTS `user_block_list`;
/*!40101 SET @saved_cs_client     = @@character_set_client */;
/*!40101 SET character_set_client = utf8 */;
CREATE TABLE `user_block_list` (
  `id` int(10) unsigned NOT NULL AUTO_INCREMENT,
  `user_from` int(11) NOT NULL,
  `user_to` int(11) NOT NULL,
  `created_at` timestamp NULL DEFAULT NULL,
  `updated_at` timestamp NULL DEFAULT NULL,
  PRIMARY KEY (`id`)
) ENGINE=InnoDB DEFAULT CHARSET=utf8mb4 COLLATE=utf8mb4_unicode_ci;
/*!40101 SET character_set_client = @saved_cs_client */;

--
-- Dumping data for table `user_block_list`
--

LOCK TABLES `user_block_list` WRITE;
/*!40000 ALTER TABLE `user_block_list` DISABLE KEYS */;
/*!40000 ALTER TABLE `user_block_list` ENABLE KEYS */;
UNLOCK TABLES;

--
-- Table structure for table `user_blogs`
--

DROP TABLE IF EXISTS `user_blogs`;
/*!40101 SET @saved_cs_client     = @@character_set_client */;
/*!40101 SET character_set_client = utf8 */;
CREATE TABLE `user_blogs` (
  `id` int(10) unsigned NOT NULL AUTO_INCREMENT,
  `user_id` int(11) NOT NULL,
  `title` varchar(255) COLLATE utf8mb4_unicode_ci DEFAULT NULL,
  `text` text COLLATE utf8mb4_unicode_ci NOT NULL,
  `created_at` timestamp NULL DEFAULT NULL,
  `updated_at` timestamp NULL DEFAULT NULL,
  `deleted_at` timestamp NULL DEFAULT NULL,
  PRIMARY KEY (`id`)
) ENGINE=InnoDB DEFAULT CHARSET=utf8mb4 COLLATE=utf8mb4_unicode_ci;
/*!40101 SET character_set_client = @saved_cs_client */;

--
-- Dumping data for table `user_blogs`
--

LOCK TABLES `user_blogs` WRITE;
/*!40000 ALTER TABLE `user_blogs` DISABLE KEYS */;
/*!40000 ALTER TABLE `user_blogs` ENABLE KEYS */;
UNLOCK TABLES;

--
-- Table structure for table `user_conversation`
--

DROP TABLE IF EXISTS `user_conversation`;
/*!40101 SET @saved_cs_client     = @@character_set_client */;
/*!40101 SET character_set_client = utf8 */;
CREATE TABLE `user_conversation` (
  `id` int(10) unsigned NOT NULL AUTO_INCREMENT,
  `one_user` int(11) NOT NULL,
  `two_user` int(11) NOT NULL,
  `created_at` timestamp NULL DEFAULT NULL,
  `updated_at` timestamp NULL DEFAULT NULL,
  `deleted_at` timestamp NULL DEFAULT NULL,
  PRIMARY KEY (`id`)
) ENGINE=InnoDB AUTO_INCREMENT=21 DEFAULT CHARSET=utf8mb4 COLLATE=utf8mb4_unicode_ci;
/*!40101 SET character_set_client = @saved_cs_client */;

--
-- Dumping data for table `user_conversation`
--

LOCK TABLES `user_conversation` WRITE;
/*!40000 ALTER TABLE `user_conversation` DISABLE KEYS */;
INSERT INTO `user_conversation` VALUES (3,3,3,'2018-01-28 08:11:12','2018-01-28 08:11:12',NULL),(4,4,3,'2018-01-28 12:46:48','2018-01-28 12:46:48',NULL),(5,4,4,'2018-01-28 14:45:22','2018-01-28 14:45:22',NULL),(6,4,1,'2018-01-28 14:45:47','2018-04-29 11:06:32',NULL),(7,1,9,'2018-02-05 18:06:56','2018-04-29 10:16:05',NULL),(8,1,1,'2018-02-05 18:07:02','2018-04-15 09:20:41',NULL),(9,1,6,'2018-02-05 18:14:07','2018-04-30 06:20:41',NULL),(10,1,3,'2018-02-11 07:11:42','2018-04-29 10:15:14',NULL),(11,1,10,'2018-02-11 10:26:49','2018-02-11 10:26:49',NULL),(12,12,1,'2018-02-11 12:55:00','2018-04-29 10:15:47',NULL),(13,13,1,'2018-04-15 11:30:35','2018-04-29 10:10:16',NULL),(14,4,13,'2018-04-24 11:19:08','2018-04-24 11:19:08',NULL),(15,1,14,'2018-04-27 13:28:20','2018-04-29 10:08:44',NULL),(16,16,1,'2018-04-29 11:45:07','2018-04-29 11:53:00',NULL),(17,16,4,'2018-04-29 11:45:25','2018-04-29 11:45:25',NULL),(18,16,3,'2018-04-29 12:01:31','2018-04-29 12:01:36',NULL),(19,6,15,'2018-04-29 15:57:55','2018-04-29 15:57:55',NULL),(20,1,11,'2018-04-30 21:55:42','2018-04-30 21:55:49',NULL);
/*!40000 ALTER TABLE `user_conversation` ENABLE KEYS */;
UNLOCK TABLES;

--
-- Table structure for table `user_conversation_messages`
--

DROP TABLE IF EXISTS `user_conversation_messages`;
/*!40101 SET @saved_cs_client     = @@character_set_client */;
/*!40101 SET character_set_client = utf8 */;
CREATE TABLE `user_conversation_messages` (
  `id` int(10) unsigned NOT NULL AUTO_INCREMENT,
  `conversation_id` int(11) NOT NULL,
  `user_from` int(11) NOT NULL,
  `user_to` int(11) NOT NULL,
  `is_read` int(11) NOT NULL,
  `message` text COLLATE utf8mb4_unicode_ci NOT NULL,
  `created_at` timestamp NULL DEFAULT NULL,
  `updated_at` timestamp NULL DEFAULT NULL,
  `deleted_at` timestamp NULL DEFAULT NULL,
  PRIMARY KEY (`id`)
) ENGINE=InnoDB AUTO_INCREMENT=194 DEFAULT CHARSET=utf8mb4 COLLATE=utf8mb4_unicode_ci;
/*!40101 SET character_set_client = @saved_cs_client */;

--
-- Dumping data for table `user_conversation_messages`
--

LOCK TABLES `user_conversation_messages` WRITE;
/*!40000 ALTER TABLE `user_conversation_messages` DISABLE KEYS */;
INSERT INTO `user_conversation_messages` VALUES (1,1,1,3,1,'testinghuesting','2018-01-28 06:49:01','2018-01-28 07:51:55',NULL),(2,1,1,3,1,'testinghuesting3','2018-01-28 06:49:17','2018-01-28 07:51:55',NULL),(3,1,3,1,1,'test4','2018-01-28 06:49:48','2018-01-28 07:51:42',NULL),(4,1,1,3,1,'testinghuesting5','2018-01-28 06:50:23','2018-01-28 07:51:55',NULL),(5,1,3,1,1,'prosto testovoe pis\'mo','2018-01-28 06:52:12','2018-01-28 07:51:42',NULL),(6,1,1,3,1,'vtoroe i tret\'e pis\'mo','2018-01-28 06:53:02','2018-01-28 07:51:55',NULL),(7,1,3,1,1,'testing98','2018-01-28 07:42:25','2018-01-28 07:51:42',NULL),(8,1,3,1,1,'testinghuesitng09','2018-01-28 07:42:31','2018-01-28 07:51:42',NULL),(9,1,3,1,1,'testinghuesting 99','2018-01-28 07:42:41','2018-01-28 07:51:42',NULL),(10,3,3,3,0,'xstn','2018-01-28 08:11:16','2018-01-28 08:11:16',NULL),(11,3,3,3,0,'tn','2018-01-28 08:11:22','2018-01-28 08:11:22',NULL),(12,4,4,3,0,'testing','2018-01-28 12:46:53','2018-01-28 12:46:53',NULL),(13,5,4,4,0,'олрлр','2018-01-28 14:45:27','2018-01-28 14:45:27',NULL),(14,4,4,3,0,'олдодо','2018-01-28 14:45:40','2018-01-28 14:45:40',NULL),(15,6,4,1,1,'лодод','2018-01-28 14:45:51','2018-01-31 17:11:32',NULL),(16,1,1,3,1,'testinghuesitng','2018-01-29 14:43:03','2018-01-29 16:03:20',NULL),(17,1,3,1,1,'test','2018-01-29 16:06:00','2018-01-29 16:06:06',NULL),(18,2,1,1,0,'eaeoao','2018-01-30 14:23:23','2018-01-30 14:23:23',NULL),(19,2,1,1,0,'aeoa','2018-01-30 14:23:27','2018-01-30 14:23:27',NULL),(20,6,4,1,1,'test','2018-01-31 16:02:08','2018-01-31 17:11:32',NULL),(21,6,4,1,1,'eto poslednee soobshenie','2018-01-31 17:08:53','2018-01-31 17:11:32',NULL),(22,6,1,4,1,'eto moe poslednie soobshenie','2018-01-31 17:11:48','2018-01-31 17:28:09',NULL),(23,6,4,1,1,'testinhueistn','2018-01-31 17:28:09','2018-01-31 17:28:50',NULL),(24,6,4,1,1,'98989','2018-01-31 17:28:14','2018-01-31 17:28:50',NULL),(25,6,4,1,1,'09090090909','2018-01-31 17:28:42','2018-01-31 17:28:50',NULL),(26,6,1,4,1,'0909','2018-01-31 17:30:27','2018-01-31 17:39:50',NULL),(27,6,4,1,1,'prosto testovyi','2018-01-31 17:39:50','2018-01-31 17:40:05',NULL),(28,6,1,4,1,'test9808','2018-02-05 18:37:37','2018-04-24 11:18:59',NULL),(29,6,1,4,1,'testinhguesitng zhesting testing','2018-02-05 18:47:39','2018-04-24 11:18:59',NULL),(30,6,1,4,1,'testovoe pis\'mo prosto dlja testa kak tebe','2018-02-05 18:51:01','2018-04-24 11:18:59',NULL),(31,6,1,4,1,'prosto pis\'mo','2018-02-05 18:51:15','2018-04-24 11:18:59',NULL),(32,10,1,3,0,'testinghuesting zhesting chesting brestin  :-) , :-D','2018-02-11 07:12:08','2018-02-11 07:12:08',NULL),(33,10,1,3,0,'testoaoeaeoe','2018-02-11 07:38:11','2018-02-11 07:38:11',NULL),(34,10,1,3,0,'testinghuesitng','2018-02-11 07:38:17','2018-02-11 07:38:17',NULL),(35,10,1,3,0,'testinghuesting zhesting bresting chesting','2018-02-11 07:56:26','2018-02-11 07:56:26',NULL),(36,10,1,3,0,'testinghuesitng zhesting bresting chesting','2018-02-11 10:04:14','2018-02-11 10:04:14',NULL),(37,10,1,3,0,'testing 34','2018-02-11 10:04:26','2018-02-11 10:04:26',NULL),(38,10,1,3,0,'testing 45','2018-02-11 10:04:38','2018-02-11 10:04:38',NULL),(39,10,1,3,0,'testing 50','2018-02-11 10:04:47','2018-02-11 10:04:47',NULL),(40,10,1,3,0,'testinghuesting','2018-02-11 10:16:18','2018-02-11 10:16:18',NULL),(41,10,1,3,0,'testinghuesitng','2018-02-11 10:16:25','2018-02-11 10:16:25',NULL),(42,10,1,3,0,'test223','2018-02-11 10:44:56','2018-02-11 10:44:56',NULL),(43,10,1,3,0,'test2234','2018-02-11 10:45:11','2018-02-11 10:45:11',NULL),(44,10,1,3,0,'testinghuesitng123','2018-02-11 10:53:01','2018-02-11 10:53:01',NULL),(45,10,1,3,0,'testinghuesitng123','2018-02-11 10:53:51','2018-02-11 10:53:51',NULL),(46,10,1,3,0,'testinghuesitng123','2018-02-11 10:56:22','2018-02-11 10:56:22',NULL),(47,10,1,3,0,'testinghuesitng1238','2018-02-11 11:03:08','2018-02-11 11:03:08',NULL),(48,10,1,3,0,'testinghuesitng123898','2018-02-11 11:04:47','2018-02-11 11:04:47',NULL),(49,10,1,3,0,'testinghuesitng123898','2018-02-11 11:10:38','2018-02-11 11:10:38',NULL),(50,10,1,3,0,'huinja','2018-02-11 11:10:51','2018-02-11 11:10:51',NULL),(51,10,1,3,0,'huinja huina','2018-02-11 11:10:58','2018-02-11 11:10:58',NULL),(52,10,1,3,0,'huinja huina','2018-02-11 11:14:34','2018-02-11 11:14:34',NULL),(53,10,1,3,0,'huinja huina','2018-02-11 11:16:45','2018-02-11 11:16:45',NULL),(54,10,1,3,0,'huinja huina','2018-02-11 11:17:17','2018-02-11 11:17:17',NULL),(55,10,1,3,0,'huinja huina 23','2018-02-11 11:17:23','2018-02-11 11:17:23',NULL),(56,10,1,3,0,'huinja huina 24\n','2018-02-11 11:17:30','2018-02-11 11:17:30',NULL),(57,10,1,3,0,'h\n','2018-02-11 11:17:44','2018-02-11 11:17:44',NULL),(58,10,1,3,0,'test huest\n','2018-02-11 11:19:39','2018-02-11 11:19:39',NULL),(59,10,1,3,0,'test huest 2\n\n','2018-02-11 11:19:45','2018-02-11 11:19:45',NULL),(60,10,1,3,0,'huesting','2018-02-11 11:21:09','2018-02-11 11:21:09',NULL),(61,10,1,3,0,'huesting 34','2018-02-11 11:21:39','2018-02-11 11:21:39',NULL),(62,10,1,3,0,'huesting 54','2018-02-11 11:21:44','2018-02-11 11:21:44',NULL),(63,10,1,3,0,'58','2018-02-11 11:31:18','2018-02-11 11:31:18',NULL),(64,10,1,3,0,'testinghuesting','2018-02-11 11:44:33','2018-02-11 11:44:33',NULL),(65,10,1,3,0,'testing 9090','2018-02-11 11:57:29','2018-02-11 11:57:29',NULL),(66,10,1,3,0,'98989','2018-02-11 11:59:22','2018-02-11 11:59:22',NULL),(67,10,1,3,0,'98989898111','2018-02-11 12:00:04','2018-02-11 12:00:04',NULL),(68,10,1,3,0,'staeonaoseane','2018-02-11 12:03:39','2018-02-11 12:03:39',NULL),(69,10,1,3,0,'ooeaeoaoeaoe','2018-02-11 12:03:43','2018-02-11 12:03:43',NULL),(70,10,1,3,0,'testinhguesitng','2018-02-11 12:09:05','2018-02-11 12:09:05',NULL),(71,10,1,3,0,'34535','2018-02-11 12:09:08','2018-02-11 12:09:08',NULL),(72,10,1,3,0,'45453','2018-02-11 12:09:10','2018-02-11 12:09:10',NULL),(73,10,1,3,0,'345353','2018-02-11 12:09:13','2018-02-11 12:09:13',NULL),(74,10,1,3,0,'35345','2018-02-11 12:09:15','2018-02-11 12:09:15',NULL),(75,10,1,3,0,'testinhguseting','2018-02-11 12:14:32','2018-02-11 12:14:32',NULL),(76,10,1,3,0,'taesatoan','2018-02-11 12:14:35','2018-02-11 12:14:35',NULL),(77,10,1,3,0,'stsotanst','2018-02-11 12:14:40','2018-02-11 12:14:40',NULL),(78,10,1,3,0,'staoesatone','2018-02-11 12:14:43','2018-02-11 12:14:43',NULL),(79,10,1,3,0,'test 9809','2018-02-11 12:17:25','2018-02-11 12:17:25',NULL),(80,10,1,3,0,'testinghuesitng zhesting 321','2018-02-11 12:25:12','2018-02-11 12:25:12',NULL),(81,12,12,1,1,'hi','2018-02-11 12:55:10','2018-02-11 12:55:43',NULL),(82,12,1,12,1,'hello','2018-02-11 12:55:51','2018-02-11 12:57:17',NULL),(83,12,12,1,1,'test','2018-02-11 12:57:24','2018-02-11 12:58:15',NULL),(84,12,1,12,1,'test2','2018-02-11 12:58:23','2018-02-11 12:59:33',NULL),(85,12,12,1,1,'test','2018-02-11 13:01:33','2018-02-11 13:01:43',NULL),(86,12,1,12,1,'test','2018-02-11 13:01:48','2018-02-11 13:03:52',NULL),(87,12,1,12,1,'ae','2018-02-11 13:02:22','2018-02-11 13:03:52',NULL),(88,12,12,1,1,'t','2018-02-11 13:04:00','2018-02-11 13:04:49',NULL),(89,12,1,12,1,'t3\n','2018-02-11 13:05:02','2018-02-11 13:07:39',NULL),(90,12,1,12,1,'n8','2018-02-11 13:08:01','2018-02-11 13:09:57',NULL),(91,12,12,1,1,'p90','2018-02-11 13:10:19','2018-02-11 13:12:11',NULL),(92,12,1,12,1,'t87','2018-02-11 13:12:17','2018-02-11 13:13:52',NULL),(93,12,1,12,1,'vuy','2018-02-11 13:12:36','2018-02-11 13:13:52',NULL),(94,12,12,1,1,'test','2018-02-11 13:13:58','2018-02-11 13:14:04',NULL),(95,12,1,12,0,'check\n','2018-02-11 13:14:11','2018-02-11 13:14:11',NULL),(96,12,1,12,1,'testinhguesting','2018-02-11 13:16:17','2018-02-11 13:17:20',NULL),(97,12,1,12,1,'testinghue23','2018-02-11 13:17:49','2018-02-11 13:18:21',NULL),(98,12,1,12,1,'t9','2018-02-11 13:18:05','2018-02-11 13:18:21',NULL),(99,12,1,12,1,'t10','2018-02-11 13:18:12','2018-02-11 13:18:21',NULL),(100,12,1,12,1,'11','2018-02-11 13:19:00','2018-02-11 13:19:16',NULL),(101,12,1,12,1,'18','2018-02-11 13:22:30','2018-02-11 13:24:18',NULL),(102,12,12,1,1,'19','2018-02-11 13:24:28','2018-02-11 13:24:32',NULL),(103,12,1,12,1,'20','2018-02-11 13:24:36','2018-02-11 13:26:56',NULL),(104,12,1,12,1,'21','2018-02-11 13:24:50','2018-02-11 13:26:56',NULL),(105,12,1,12,1,'223','2018-02-11 13:25:11','2018-02-11 13:26:57',NULL),(106,12,12,1,1,'878','2018-02-11 13:27:13','2018-02-11 13:27:17',NULL),(107,12,1,12,1,'989','2018-02-11 13:27:28','2018-02-11 13:27:55',NULL),(108,12,12,1,1,'969','2018-02-11 13:28:09','2018-02-11 13:28:24',NULL),(109,12,12,1,1,'9999','2018-02-11 13:28:47','2018-02-11 13:31:33',NULL),(110,12,12,1,1,'989898','2018-02-11 13:29:21','2018-02-11 13:31:33',NULL),(111,12,12,1,1,'test90','2018-02-11 13:31:50','2018-02-11 13:32:36',NULL),(112,12,12,1,1,'test 200','2018-02-11 13:32:00','2018-02-11 13:32:36',NULL),(113,12,1,12,1,'test 9000','2018-02-11 13:32:46','2018-02-11 13:32:56',NULL),(114,12,12,1,1,'t900','2018-02-11 13:33:06','2018-02-11 13:34:06',NULL),(115,12,12,1,1,'12','2018-02-11 13:33:27','2018-02-11 13:34:06',NULL),(116,12,1,12,1,'testing','2018-02-11 13:34:16','2018-02-11 13:34:33',NULL),(117,12,1,12,1,'testing09','2018-02-11 13:34:22','2018-02-11 13:34:33',NULL),(118,12,1,12,1,'98989989','2018-02-11 13:36:12','2018-02-11 13:36:25',NULL),(119,12,12,1,1,'9000990909','2018-02-11 13:36:32','2018-02-11 13:37:26',NULL),(120,12,12,1,1,'tn','2018-02-11 13:36:39','2018-02-11 13:37:26',NULL),(121,12,12,1,1,'123','2018-02-11 13:38:56','2018-02-11 13:39:26',NULL),(122,12,1,12,1,'tes','2018-02-11 13:39:30','2018-02-11 13:39:38',NULL),(123,12,1,12,1,'12','2018-02-11 13:46:47','2018-02-11 13:50:04',NULL),(124,12,1,12,1,'1','2018-02-11 13:49:59','2018-02-11 13:50:04',NULL),(125,12,12,1,1,'2','2018-02-11 13:50:14','2018-02-11 14:11:11',NULL),(126,12,12,1,1,'2','2018-02-11 13:50:16','2018-02-11 13:57:15',NULL),(127,12,12,1,1,'3','2018-02-11 13:50:18','2018-02-11 13:57:15',NULL),(128,12,1,12,1,'t2','2018-02-11 14:02:02','2018-02-11 14:02:18',NULL),(129,12,1,12,1,'76','2018-02-11 14:02:11','2018-02-11 14:02:18',NULL),(130,12,12,1,1,'2','2018-02-11 14:02:28','2018-02-11 14:10:30',NULL),(131,12,12,1,1,'232','2018-02-11 14:02:39','2018-02-11 14:02:58',NULL),(132,12,1,12,0,'12','2018-02-11 14:07:03','2018-02-11 14:07:03',NULL),(133,12,1,12,0,'testinghuesitng','2018-02-11 14:07:07','2018-02-11 14:07:07',NULL),(134,12,1,12,0,'zhesting','2018-02-11 14:07:11','2018-02-11 14:07:11',NULL),(135,12,1,12,0,'test','2018-02-11 14:07:56','2018-02-11 14:07:56',NULL),(136,12,1,12,0,'2','2018-02-11 14:07:59','2018-02-11 14:07:59',NULL),(137,12,1,12,0,'7','2018-02-11 14:08:25','2018-02-11 14:08:25',NULL),(138,12,1,12,0,'8','2018-02-11 14:08:28','2018-02-11 14:08:28',NULL),(139,12,1,12,0,'34','2018-02-11 14:09:03','2018-02-11 14:09:03',NULL),(140,12,1,12,0,'2234','2018-02-11 14:10:39','2018-02-11 14:10:39',NULL),(141,12,1,12,1,'testinghuestintg','2018-02-11 14:11:23','2018-02-11 14:11:29',NULL),(142,12,12,1,1,'test23','2018-02-11 14:11:34','2018-02-11 14:11:42',NULL),(143,10,1,3,0,'baaeiae aeiea ieaiaoaoeeoeaoeaoao  aeeo aoea','2018-02-11 15:31:30','2018-02-11 15:31:30',NULL),(144,10,1,3,0,'ieaiaei 87878j 07987','2018-02-11 15:31:35','2018-02-11 15:31:35',NULL),(145,10,1,3,0,'testing','2018-03-01 18:30:34','2018-03-01 18:30:34',NULL),(146,10,1,3,0,'test-0909123','2018-03-01 18:30:41','2018-03-01 18:30:41',NULL),(147,10,1,3,0,'324','2018-03-03 08:45:16','2018-03-03 08:45:16',NULL),(148,7,1,9,0,'sntntsstnsnnst','2018-03-18 07:13:15','2018-03-18 07:13:15',NULL),(149,7,1,9,0,'staneaesoatnoe','2018-03-18 07:13:20','2018-03-18 07:13:20',NULL),(150,6,1,4,1,'test','2018-04-15 09:17:01','2018-04-24 11:18:59',NULL),(151,8,1,1,0,'test','2018-04-15 09:20:41','2018-04-15 09:20:41',NULL),(152,13,13,1,1,'testinghuseting','2018-04-15 11:30:42','2018-04-15 11:31:51',NULL),(153,13,13,1,1,'testinhguesting 2','2018-04-15 11:30:50','2018-04-15 11:31:51',NULL),(154,13,13,1,1,'test unread 2','2018-04-15 11:30:58','2018-04-15 11:31:51',NULL),(155,6,1,4,1,'testinghuesting zhesting zaebesting','2018-04-22 14:41:42','2018-04-24 11:18:59',NULL),(156,13,1,13,0,'testinghuesitng 12312','2018-04-25 15:44:31','2018-04-25 15:44:31',NULL),(157,6,1,4,0,'stestongoa','2018-04-29 09:50:53','2018-04-29 09:50:53',NULL),(158,6,1,4,0,'stnstns','2018-04-29 09:55:22','2018-04-29 09:55:22',NULL),(159,6,1,4,0,'test','2018-04-29 09:55:40','2018-04-29 09:55:40',NULL),(160,6,1,4,0,'testinghuseting','2018-04-29 09:56:19','2018-04-29 09:56:19',NULL),(161,6,1,4,0,'testinghuseting','2018-04-29 09:56:32','2018-04-29 09:56:32',NULL),(162,6,1,4,0,'2189','2018-04-29 09:56:40','2018-04-29 09:56:40',NULL),(163,13,1,13,0,'test','2018-04-29 09:56:52','2018-04-29 09:56:52',NULL),(164,15,1,14,0,'testinghuesting','2018-04-29 09:56:59','2018-04-29 09:56:59',NULL),(165,13,1,13,0,'test','2018-04-29 09:58:22','2018-04-29 09:58:22',NULL),(166,12,1,12,0,'testing12','2018-04-29 09:58:47','2018-04-29 09:58:47',NULL),(167,15,1,14,0,'stntsnts','2018-04-29 10:01:31','2018-04-29 10:01:31',NULL),(168,15,1,14,0,'stnsn','2018-04-29 10:05:50','2018-04-29 10:05:50',NULL),(169,15,1,14,0,'tsestaeno','2018-04-29 10:05:54','2018-04-29 10:05:54',NULL),(170,13,1,13,0,'test','2018-04-29 10:06:30','2018-04-29 10:06:30',NULL),(171,10,1,3,0,'213','2018-04-29 10:06:44','2018-04-29 10:06:44',NULL),(172,15,1,14,0,'tst','2018-04-29 10:07:54','2018-04-29 10:07:54',NULL),(173,10,1,3,0,'3333','2018-04-29 10:08:21','2018-04-29 10:08:21',NULL),(174,15,1,14,0,'test123','2018-04-29 10:08:44','2018-04-29 10:08:44',NULL),(175,13,1,13,0,'test45','2018-04-29 10:10:16','2018-04-29 10:10:16',NULL),(176,12,1,12,0,'testnighuseitng','2018-04-29 10:11:05','2018-04-29 10:11:05',NULL),(177,10,1,3,0,'testn','2018-04-29 10:15:14','2018-04-29 10:15:14',NULL),(178,12,1,12,0,'testinghu','2018-04-29 10:15:47','2018-04-29 10:15:47',NULL),(179,7,1,9,0,'test9890809','2018-04-29 10:16:05','2018-04-29 10:16:05',NULL),(180,6,1,4,0,'testinghuesting','2018-04-29 10:23:45','2018-04-29 10:23:45',NULL),(181,6,1,4,0,'stnsnstn','2018-04-29 11:06:26','2018-04-29 11:06:26',NULL),(182,6,1,4,0,'234234','2018-04-29 11:06:32','2018-04-29 11:06:32',NULL),(183,16,16,1,1,'testinghuesitng','2018-04-29 11:45:13','2018-04-29 15:36:50',NULL),(184,16,16,1,1,'testinghuseting','2018-04-29 11:52:55','2018-04-29 15:36:50',NULL),(185,16,16,1,1,'123123','2018-04-29 11:53:00','2018-04-29 15:36:50',NULL),(186,18,16,3,0,'stntsntsn','2018-04-29 12:01:36','2018-04-29 12:01:36',NULL),(187,9,6,1,1,'hi admin','2018-04-29 15:42:19','2018-04-29 15:42:33',NULL),(188,9,1,6,1,'hid','2018-04-29 15:42:52','2018-04-29 15:42:59',NULL),(189,9,1,6,1,'eehoe','2018-04-29 15:43:19','2018-04-29 15:43:32',NULL),(190,9,1,6,1,'tsnsnstnstn','2018-04-29 15:46:22','2018-04-29 15:46:36',NULL),(191,9,1,6,0,'testinghuesitng zhesing','2018-04-30 06:18:03','2018-04-30 06:18:03',NULL),(192,9,1,6,0,'stnastn oa eosateo eosa aeota stnastn oa eosateo eosa aeotastnastn oa eosateo eosa aeotastnastn oa eosateo eosa aeotastnastn oa eosateo eosa aeotastnastn oa eosateo eosa aeotastnastn oa eosateo eosa aeotastnastn oa eosateo eosa aeotastnastn oa eosateo eosa aeotastnastn oa eosateo eosa aeotastnastn oa eosateo eosa aeota','2018-04-30 06:20:41','2018-04-30 06:20:41',NULL),(193,20,1,11,0,'testinghuesting','2018-04-30 21:55:49','2018-04-30 21:55:49',NULL);
/*!40000 ALTER TABLE `user_conversation_messages` ENABLE KEYS */;
UNLOCK TABLES;

--
-- Table structure for table `user_image_gallery`
--

DROP TABLE IF EXISTS `user_image_gallery`;
/*!40101 SET @saved_cs_client     = @@character_set_client */;
/*!40101 SET character_set_client = utf8 */;
CREATE TABLE `user_image_gallery` (
  `id` int(10) unsigned NOT NULL AUTO_INCREMENT,
  `user_image_gallery_directory_id` int(11) NOT NULL,
  `user_image_gallery_directory_key` varchar(255) COLLATE utf8mb4_unicode_ci DEFAULT NULL,
  `user_id` int(11) NOT NULL,
  `filename` varchar(255) COLLATE utf8mb4_unicode_ci NOT NULL,
  `cdn_key` varchar(255) COLLATE utf8mb4_unicode_ci NOT NULL,
  `name` varchar(255) COLLATE utf8mb4_unicode_ci DEFAULT NULL,
  `description` text COLLATE utf8mb4_unicode_ci DEFAULT NULL,
  `created_at` timestamp NULL DEFAULT NULL,
  `updated_at` timestamp NULL DEFAULT NULL,
  `deleted_at` timestamp NULL DEFAULT NULL,
  PRIMARY KEY (`id`)
) ENGINE=InnoDB AUTO_INCREMENT=4 DEFAULT CHARSET=utf8mb4 COLLATE=utf8mb4_unicode_ci;
/*!40101 SET character_set_client = @saved_cs_client */;

--
-- Dumping data for table `user_image_gallery`
--

LOCK TABLES `user_image_gallery` WRITE;
/*!40000 ALTER TABLE `user_image_gallery` DISABLE KEYS */;
INSERT INTO `user_image_gallery` VALUES (1,1,'avatars',1,'Снимок экрана 2018-01-17 в 22.40.12.png','/files/1/Снимок экрана 2018-01-17 в 22.40.12.png','testinghuesting','zhesting bresting pizdec','2018-02-24 17:19:26','2018-04-25 15:48:56',NULL),(2,2,'all',1,'Снимок экрана 2018-02-02 в 19.15.34.png','/files/1/Снимок экрана 2018-02-02 в 19.15.34.png','eshe kakaajato huinja','testing huesting zhestnig bresting chesting huesting bresting','2018-02-24 17:24:58','2018-04-25 15:48:56',NULL),(3,3,'avatars',14,'Снимок экрана 2018-03-06 в 22.25.38.png','/files/14/Снимок экрана 2018-03-06 в 22.25.38.png','test','testinghuesting','2018-04-24 11:40:46','2018-04-24 11:40:46',NULL);
/*!40000 ALTER TABLE `user_image_gallery` ENABLE KEYS */;
UNLOCK TABLES;

--
-- Table structure for table `user_image_gallery_comment`
--

DROP TABLE IF EXISTS `user_image_gallery_comment`;
/*!40101 SET @saved_cs_client     = @@character_set_client */;
/*!40101 SET character_set_client = utf8 */;
CREATE TABLE `user_image_gallery_comment` (
  `id` int(10) unsigned NOT NULL AUTO_INCREMENT,
  `user_id` int(11) NOT NULL,
  `title` varchar(255) COLLATE utf8mb4_unicode_ci DEFAULT NULL,
  `text` text COLLATE utf8mb4_unicode_ci NOT NULL,
  `created_at` timestamp NULL DEFAULT NULL,
  `updated_at` timestamp NULL DEFAULT NULL,
  `deleted_at` timestamp NULL DEFAULT NULL,
  `user_image_gallery_id` int(11) NOT NULL,
  PRIMARY KEY (`id`)
) ENGINE=InnoDB AUTO_INCREMENT=10 DEFAULT CHARSET=utf8mb4 COLLATE=utf8mb4_unicode_ci;
/*!40101 SET character_set_client = @saved_cs_client */;

--
-- Dumping data for table `user_image_gallery_comment`
--

LOCK TABLES `user_image_gallery_comment` WRITE;
/*!40000 ALTER TABLE `user_image_gallery_comment` DISABLE KEYS */;
INSERT INTO `user_image_gallery_comment` VALUES (1,1,'Коментарий к фотографии eshe kakaajato huinja','testinghuesitng zhesitng bresting 4','2018-04-15 09:49:05','2018-04-15 09:49:05',NULL,2),(2,1,'Коментарий к фотографии eshe kakaajato huinja','test comment 3','2018-04-15 09:50:39','2018-04-15 09:50:39',NULL,2),(3,1,'Коментарий к фотографии eshe kakaajato huinja','eshe odin testovyi accaunt','2018-04-15 09:55:04','2018-04-15 09:55:04',NULL,2),(4,1,'Коментарий к фотографии eshe kakaajato huinja','testovyi comments 35 95 74','2018-04-15 09:55:28','2018-04-15 09:55:28',NULL,2),(5,1,'Коментарий к фотографии eshe kakaajato huinja','testinghuesitntg 78','2018-04-15 09:58:46','2018-04-15 09:58:46',NULL,2),(6,14,'Коментарий к фотографии test','testinghuesting zhestintg','2018-04-24 11:41:15','2018-04-24 11:41:15',NULL,3),(7,1,'Коментарий к фотографии testinghuesting','testinghuesting vot moi kommentarii','2018-04-25 15:49:57','2018-04-25 15:49:57',NULL,1),(8,1,'Коментарий к фотографии testinghuesting','prosto kommentariji 2','2018-04-25 15:50:13','2018-04-25 15:50:13',NULL,1),(9,1,'Коментарий к фотографии testinghuesting','prosto kommentarij 3','2018-04-25 15:50:24','2018-04-25 15:50:24',NULL,1);
/*!40000 ALTER TABLE `user_image_gallery_comment` ENABLE KEYS */;
UNLOCK TABLES;

--
-- Table structure for table `user_image_gallery_directory`
--

DROP TABLE IF EXISTS `user_image_gallery_directory`;
/*!40101 SET @saved_cs_client     = @@character_set_client */;
/*!40101 SET character_set_client = utf8 */;
CREATE TABLE `user_image_gallery_directory` (
  `id` int(10) unsigned NOT NULL AUTO_INCREMENT,
  `user_id` int(11) NOT NULL,
  `title` varchar(255) COLLATE utf8mb4_unicode_ci NOT NULL,
  `key` varchar(255) COLLATE utf8mb4_unicode_ci NOT NULL,
  `value` varchar(255) COLLATE utf8mb4_unicode_ci NOT NULL,
  `created_at` timestamp NULL DEFAULT NULL,
  `updated_at` timestamp NULL DEFAULT NULL,
  `deleted_at` timestamp NULL DEFAULT NULL,
  PRIMARY KEY (`id`)
) ENGINE=InnoDB AUTO_INCREMENT=5 DEFAULT CHARSET=utf8mb4 COLLATE=utf8mb4_unicode_ci;
/*!40101 SET character_set_client = @saved_cs_client */;

--
-- Dumping data for table `user_image_gallery_directory`
--

LOCK TABLES `user_image_gallery_directory` WRITE;
/*!40000 ALTER TABLE `user_image_gallery_directory` DISABLE KEYS */;
INSERT INTO `user_image_gallery_directory` VALUES (1,1,'Мои аватарки','avatars','avatars','2018-02-24 17:18:35','2018-02-24 17:18:35',NULL),(2,1,'Общие файлы','all','all','2018-02-24 17:18:35','2018-02-24 17:18:35',NULL),(3,14,'Мои аватарки','avatars','avatars','2018-04-24 11:40:46','2018-04-24 11:40:46',NULL),(4,14,'Общие файлы','all','all','2018-04-24 11:40:46','2018-04-24 11:40:46',NULL);
/*!40000 ALTER TABLE `user_image_gallery_directory` ENABLE KEYS */;
UNLOCK TABLES;

--
-- Table structure for table `user_journal`
--

DROP TABLE IF EXISTS `user_journal`;
/*!40101 SET @saved_cs_client     = @@character_set_client */;
/*!40101 SET character_set_client = utf8 */;
CREATE TABLE `user_journal` (
  `id` int(10) unsigned NOT NULL AUTO_INCREMENT,
  `user_id` int(11) NOT NULL,
  `title` text COLLATE utf8mb4_unicode_ci NOT NULL,
  `message` text COLLATE utf8mb4_unicode_ci NOT NULL,
  `link` text COLLATE utf8mb4_unicode_ci NOT NULL,
  `is_read` int(11) NOT NULL,
  `created_at` timestamp NULL DEFAULT NULL,
  `updated_at` timestamp NULL DEFAULT NULL,
  `deleted_at` timestamp NULL DEFAULT NULL,
  PRIMARY KEY (`id`)
) ENGINE=InnoDB DEFAULT CHARSET=utf8mb4 COLLATE=utf8mb4_unicode_ci;
/*!40101 SET character_set_client = @saved_cs_client */;

--
-- Dumping data for table `user_journal`
--

LOCK TABLES `user_journal` WRITE;
/*!40000 ALTER TABLE `user_journal` DISABLE KEYS */;
/*!40000 ALTER TABLE `user_journal` ENABLE KEYS */;
UNLOCK TABLES;

--
-- Table structure for table `users`
--

DROP TABLE IF EXISTS `users`;
/*!40101 SET @saved_cs_client     = @@character_set_client */;
/*!40101 SET character_set_client = utf8 */;
CREATE TABLE `users` (
  `id` int(10) unsigned NOT NULL AUTO_INCREMENT,
  `name` varchar(255) COLLATE utf8mb4_unicode_ci NOT NULL,
  `email` varchar(255) COLLATE utf8mb4_unicode_ci NOT NULL,
  `password` varchar(255) COLLATE utf8mb4_unicode_ci NOT NULL,
  `remember_token` varchar(100) COLLATE utf8mb4_unicode_ci DEFAULT NULL,
  `created_at` timestamp NULL DEFAULT NULL,
  `updated_at` timestamp NULL DEFAULT NULL,
  PRIMARY KEY (`id`),
  UNIQUE KEY `users_email_unique` (`email`)
) ENGINE=InnoDB AUTO_INCREMENT=19 DEFAULT CHARSET=utf8mb4 COLLATE=utf8mb4_unicode_ci;
/*!40101 SET character_set_client = @saved_cs_client */;

--
-- Dumping data for table `users`
--

LOCK TABLES `users` WRITE;
/*!40000 ALTER TABLE `users` DISABLE KEYS */;
INSERT INTO `users` VALUES (1,'admin 123','family_89@mail.ru','$2y$10$o0z89puPmUQQrWfhuMfJwe/87lRSpp6Hxxh3X19p48cveT0kc6Lt2','HFbgkiiLP7dwO6252Pb39rvLJfb9AIIeDoep55qAa5eKXLOkGlHi0ahkptyN','2018-01-27 09:19:14','2018-05-02 13:21:17'),(3,'test1','test1@mailforspam.com','$2y$10$MBS9qDfj46ytIktH2/K9T./o2reWTXXM8YrbRdQnwzn4ZADqOxzj6','Q121nc42LSKlWU7T5BnODoNfkY3Av2QPpePWeb4CfISTRPERikzhStKg2tAx','2018-01-27 18:04:42','2018-01-27 18:04:42'),(4,'test3','test3@mailforspam.com','$2y$10$df8dnePgYria3HLMRGF1UuWoB3...2/44AD9W9469KUmIN6WOOXbC','9XDjb8zfl4DLyuQaNS0EqUHdrpSYyAPii9bUXgVkCQLkJnRcqOFiGXzGmsqp','2018-01-28 12:46:44','2018-01-28 12:46:44'),(5,'test9','test9@mailforspam.com','123',NULL,'2018-02-03 11:02:42','2018-02-03 11:02:42'),(6,'testinghuesting2','test98@mailforspam.com','$2y$10$51zUlZMvHva2edK1jF135.2Rvlmgc6YGHNJGD3RgN6I9u/pXO/vY.',NULL,'2018-02-03 17:51:50','2018-02-03 17:51:50'),(7,'testinghuesting2','test99@mailforspam.com','$2y$10$rqpaBRIdfY5aFPaO6eOUOurAwVpBprU5Fgz8awh0z.iUAjIdfBsbS',NULL,'2018-02-03 17:52:27','2018-02-03 17:52:27'),(8,'testinghuesting2','test10@mailforspam.com','$2y$10$klMes.sgqb1GODDL2ZaSgeutazTjVWd/lR8wUvEyymj.hNd4AbKq2',NULL,'2018-02-03 18:00:50','2018-02-03 18:00:50'),(9,'testinghuesting2','test11@mailforspam.com','$2y$10$0LE70zPyGY5Zi6S6WfvlaODIbHB7wwF1mzjGvkM5gynILF6rFkvP6',NULL,'2018-02-03 18:01:50','2018-02-03 18:01:50'),(10,'test45','test45@mailforspam.com','$2y$10$vj/vzaTljKOGeN1eSz4xauKgqitONPfPbDtql7C2r2Z2sq5fa95Qe',NULL,'2018-02-03 18:04:28','2018-02-03 18:04:28'),(11,'testing','test890@mailforspam.com','$2y$10$OPKJ8QktjVZg3VtW6rd2E.xQoOeOTXT96Y16LF7aztMcK9OMj1X3G',NULL,'2018-02-04 14:40:51','2018-02-04 14:40:51'),(12,'testing878','test878@mailforspam.com','$2y$10$Or4BmVKmhdUnU8XA9YLBHONJVBEEz4SPUcpjaInCfubZ9y9EiEvNW',NULL,'2018-02-11 12:52:33','2018-02-11 12:52:33'),(13,'simpletest','testinghuestingzhesting@mailforspam.com','$2y$10$mXme9TkLagv3PEHdcMrtuuzzilKkNyJLmDvMGbZz9TyCbx9rPEvtC',NULL,'2018-04-15 11:29:58','2018-04-15 11:29:58'),(14,'test11','test12@mailforspam.com','$2y$10$WIcJTpSVIS6RrjdK7xk0FeozHeAc6tb2c5S16hkQZO87DgW6MKbVG','Q9jXaxkAVNH0WBR1th2GrOjpNtOSKvJ9aBBI4XluSYyrVT1HMi1NImmwOZAq','2018-04-24 11:26:10','2018-04-24 11:26:10'),(15,'test15','test15@mailforspam.com','$2y$10$xDcbiU5eWH2eRPdKTaSQ3eNnEtOXP11RfTohxYk4ccT2LN7TBBYYm','3eO9UB9NRp6TlCEx2PIwXzxgSLivgEYwYjCvGibU7zmDfHEAxUbaF4IYGfEv','2018-04-24 17:21:36','2018-04-24 17:21:36'),(16,'testinhguesitng','testing89@mailforspam.com','$2y$10$ucVw0G50UL.KHS4aXp.RYu9Zh1ajDEbNXE8Eyd8YNOZ0kDJ9rJVCK',NULL,'2018-04-29 11:11:59','2018-04-29 11:44:52'),(17,'testinghuesting','testinghuesitng@moasonaoesa.ru','$2y$10$LJ0doo5YeyrPXg06M1MTge6iYXRcAhdSUyWBu3O.QeB9nDbG1AddC',NULL,'2018-05-02 08:32:18','2018-05-02 08:32:27'),(18,'testinhguesting','testinhguesting@mailforspam.com','$2y$10$.tmxAFPxB.izctdjWXHnK.T3sG3nSyzZI8i0m7IVBp/42HtoNpc4u',NULL,'2018-05-02 09:26:59','2018-05-02 09:27:58');
/*!40000 ALTER TABLE `users` ENABLE KEYS */;
UNLOCK TABLES;
/*!40103 SET TIME_ZONE=@OLD_TIME_ZONE */;

/*!40101 SET SQL_MODE=@OLD_SQL_MODE */;
/*!40014 SET FOREIGN_KEY_CHECKS=@OLD_FOREIGN_KEY_CHECKS */;
/*!40014 SET UNIQUE_CHECKS=@OLD_UNIQUE_CHECKS */;
/*!40101 SET CHARACTER_SET_CLIENT=@OLD_CHARACTER_SET_CLIENT */;
/*!40101 SET CHARACTER_SET_RESULTS=@OLD_CHARACTER_SET_RESULTS */;
/*!40101 SET COLLATION_CONNECTION=@OLD_COLLATION_CONNECTION */;
/*!40111 SET SQL_NOTES=@OLD_SQL_NOTES */;

-- Dump completed on 2018-05-13 16:15:23
